Content,Video title,Video publish time,Views,Watch time (hours),Subscribers,Estimated revenue (USD),Average view duration,Impressions,Impressions click-through rate (%)
_mf5P4uoMNk,The Last Run | Celebrity Car Wars | Season 2 Episode 8,,7,1.5743,0,0.024,0:13:29,9,77.78
yKZRkysp3u8,David Blaine in a Box above the Thames! | Strange But True | Full Episode,"Jun 7, 2020",7438,313.7697,11,25.563,0:02:31,29685,16.4
J2tVNOM76Cg,Matadors get Gored by Bulls | Spanish Bull Fighting Legends!,"Nov 7, 2019",431144,17205.8079,1089,31.346,0:02:23,2423660,15.33
hFGGv9eLn2A,Living with the Ancient Korowai Tribe of West Papua | My Year with the Tribe Pt. 2 | Full Length,"Dec 4, 2019",5358,1049.5869,32,,0:11:45,28107,14.18
ROWNrlaTKno,Running of the Bulls is Back! | Day 1 | Full Run 2022,"Jul 7, 2022",36369,1248.7931,35,118.691,0:02:03,229445,12.02
I3kC6B_ThMQ,Doctors And Nurses at War in Afghanistan Part III,"Dec 4, 2019",2443,657.161,15,2.11,0:16:08,14723,10.16
N8pP3O_OuRI,Canadian Special Forces Operations | Snipers & Scouts | Close Quarter Battle | Full Episode,"Jul 1, 2020",3477,235.8628,20,,0:04:04,28680,9.2
PAmx0RNT-Nc,Border Patrol tears apart American's truck looking for rifle #borderpatrol  #canada,"Apr 11, 2024",730514,9439.4985,352,161.43,0:00:46,5116175,9.19
QdFhcMyrGhE,Matadors get Gored by Bulls | Spanish Bull Fighting Legends! | Part 2,"Dec 4, 2019",10709,1594.3274,16,,0:08:55,86995,8.79
fxioBqj2_zA,Stacks of Cash With No Story | Border Security: Australia's Front Line,"Aug 24, 2022",68720,13086.7581,49,599.5,0:11:25,575313,8.69
OYZShu3Xt_I,Visa Issues for MMA Fighter | Border Security: Canada's Front Line,"Nov 6, 2022",8144,2030.0846,4,22.183,0:14:57,57280,8.64
ucGax6p08Xc,Matadors get Gored by Bulls | Spanish Bull Fighting Legends! | Part 1,"Dec 5, 2019",28179,4015.8861,82,27.198,0:08:33,237583,8.52
GZFVbSqYMUk,Mooncakes and Drug Dogs - Border Security: Australia's Front Line,"May 13, 2024",73834,12888.0711,46,527.418,0:10:28,663969,8.26
RhbZPCkCda4,Season Highlights | NightGuard Security Season 1 Episode 13 | Full Episode,"Dec 27, 2020",18469,2575.5728,53,,0:08:22,164981,8.24
sxEFaoqV3qs,Tactical Unit Hunts Kidnapper | Manhunt: Catch Me If You Can | Season 1 Episode 1,"Apr 4, 2022",5217,2014.5136,36,67.744,0:23:10,31930,8.06
cTpUjp5WR-s,Money Sniffing Police Dog | Border Security: Canada's Front Line,"May 9, 2022",21762,5204.1316,9,219.011,0:14:20,166107,8.01
JwgP1_bgWFM,Ex-Special Forces Bodyguards | Close Quarter Battle | Full Episode,"Jul 18, 2020",407,15.1518,5,,0:02:14,3736,7.9
Uy0Qs5kWZ7Y,Doctors And Nurses at War in Afghanistan Part II,"Nov 7, 2019",3453,919.9573,12,31.805,0:15:59,28703,7.87
lhf-M4a-T_c,Chilean Coke Smuggler | Border Security: Australia's Front Line,"Jul 2, 2022",140842,28955.1101,104,1495.098,0:12:20,1249407,7.83
MF27EXevspc,Matadors get Gored by Bulls | Spanish Bull Fighting Legends! | Part 3,"Dec 4, 2019",3764,697.5507,9,2.116,0:11:07,32169,7.78
H5ePeSqP2l4,UK Border Patrol Police Raid a Subway Station for Criminals! | Locked Up Abroad,"Jun 26, 2019",11349,3125.2648,11,78.211,0:16:31,95863,7.65
8d26_JoJyms,Mozambique Man-Eaters | Jim Shockey’s Hunting Adventures | Season 15 Episode 9 | Full,"Feb 9, 2022",2719,367.9787,7,20.405,0:08:07,22093,7.6
1Ri_C9RV5Jc,Insane Rock Climbing Full Length Feature! | SMITTEN,"Dec 4, 2019",3348,605.6831,13,,0:10:51,23780,7.6
ZS4diajFOzQ,Doctors And Nurses At War in Afghanistan!,"Dec 4, 2019",2696,620.4943,11,2.409,0:13:48,23471,7.59
sSXR7hjtlw8,Heavily Armed Texan Stopped by Border Patrol | Border Security: Canada's Front Line,"Mar 18, 2022",71496,13438.5921,123,633.829,0:11:16,539959,7.56
qktj0bORdIY,Australian Border Security tears apart woman's groceries,"Mar 19, 2024",538084,6780.5524,300,114.628,0:00:45,262128,7.46
GB1wYhQx1Ec,Capturing Saddam Hussein | Close Quarter Battle | Full Episode,"Jul 25, 2020",833,49.9489,2,,0:03:35,6076,7.46
esIeHxLwbPM,100 Foot Wave | Nazare Calling | Full Length Documentary,"Sep 19, 2021",28202,3918.4662,68,,0:08:20,209165,7.45
wTIzPN11M2I,My Year with the Tribe Eps 3,"Dec 4, 2019",1152,407.003,4,,0:21:11,7977,7.42
TDtUtNdWmJg,Living with the Ancient Korowai Tribe of West Papua | My Year with the Tribe! | Full Length,"Dec 4, 2019",8557,2010.3662,47,,0:14:05,48518,7.41
QJxqIlLXW1Q,Real Life Batman | Border Security: Canada's Front Line,"Nov 2, 2022",64570,13428.6013,38,611.148,0:12:28,568012,7.35
8DEWInScLLg,Overstayed Visa by 14 Years! | Border Security: Canada's Front Line,"Nov 21, 2022",88952,17789.2798,79,814.113,0:11:59,800859,7.28
3tXPTE6v2lo,Red Flags For Customs | Border Security: Canada's Front Line,"Dec 3, 2022",11741,2935.3695,12,30.281,0:15:00,96884,7.21
u6Ok3YPfhAU,"Joe Exotic, the ""Tiger King"" | Predator Pets | Season 1 Episode 5 | Full Episode","Dec 3, 2021",11450,1633.3451,28,,0:08:33,103879,7.19
b4GAs4KWP_8,Outback Rangers | Hunt for a Giant Croc | Season 1 Episode 2 | Full Episode,"Jun 5, 2021",1975,373.563,6,,0:11:20,18313,7.19
4uxvqBGGlbE,Haters Gonna Hate | Border Security: Canada's Front Line,"Nov 5, 2022",27833,6075.8784,9,232.273,0:13:05,217722,7.18
XJ1k-0UAfck,Outback Coroner | Death on the Water | Season 1 Episode 3 | Full Episode,"Aug 15, 2021",4541,1624.1964,37,6.766,0:21:27,39420,7.15
i7TrR1yMntk,Fish Wars! | Full Length Documentary | DangerTV Feature Presentation,"May 20, 2018",11627,2029.5856,22,63.296,0:10:28,101791,7.11
vxOksya8ff8,Fishing Redemption | Hardliners - Australian TV Show | Full Episode,"Mar 21, 2018",709,113.5132,4,5.614,0:09:36,6339,7.1
XBDOd1W8F3Y,Coastal Giants | Jim Shockey’s Hunting Adventures | Season 14 Episode 12,"Jan 29, 2023",5929,795.9323,16,72.193,0:08:03,51663,7.1
aXBmdYm6VrI,Crucial Test of Leadership | Hardliners - Australian TV Show | Full Episode,"May 14, 2018",476,76.6967,1,,0:09:40,4384,7.09
-s_dIEdQ3Rs,Hidden Ecstasy Stash Uncovered | Border Security: Australia's Front Line,"Sep 10, 2022",117029,24237.158,80,294.966,0:12:25,1003349,7
d5FRR7R8440,"Busted For 100,000 Dollar Boots - Border Security Canada","Sep 30, 2024",29847,13743.5407,12,426.629,0:27:37,269936,6.97
VH_fcYR4RNk,Outback Coroner | Death on the Stairs | Season 1 Episode 6 | Full Episode,"Sep 1, 2021",11516,3650.6252,143,14.771,0:19:01,112795,6.95
h4pbWOb7Nr0,Brit Cops: Law and Disorder | Banned! | Season 4 Episode 8 | Full Episode,"May 30, 2021",3421,1190.339,10,40.358,0:20:52,30151,6.91
4Vuf3qvog4M,Lord of the Drug Rings | Border Security: Australia's Front Line,"Jun 26, 2022",105003,22602.0842,87,1128.972,0:12:54,933167,6.91
Iaw_e757aJk,Stopped at Border in Stolen Car | Border Security: Canada's Front Line,"Apr 24, 2022",75814,16680.7981,53,746.675,0:13:12,737681,6.9
wI8S9mHaCg4,Coke Mules Gone Wild! | Border Security: Australia's Front Line,"May 16, 2024",40325,7183.7346,9,380.093,0:10:41,411545,6.89
cS-xOAfJJ5w,Heroin Smuggled as Incense | Border Security: Australia's Front Line,"Oct 2, 2022",98959,22779.7284,64,983.828,0:13:48,858147,6.87
m27M49rQq34,"Women Suspected of Getting High on Plane | DangerTV's Border Patrol Series ""Customs: Remastered"" 4k","Apr 12, 2023",26403,4771.6143,21,271.118,0:10:50,230446,6.85
9Qlvs3JNdUk,Border Agent Smells Trouble At Port of Dover  | UK Customs,"Jul 19, 2019",14319,3157.4232,5,25.547,0:13:13,106718,6.82
ALsSFNZaFxE,Inadvertent Drug Mule | Border Security: Canada's Front Line,"Apr 15, 2022",76895,16960.5952,55,775.065,0:13:14,742453,6.77
dqbEfkZgcdQ,Customs Catches Man in a Lie | Border Security: Australia's Front Line,"Oct 22, 2022",13754,2104.2763,6,105.944,0:09:10,135797,6.74
ChvUNKa38Zw,Money Launderer Stopped at Border | Border Security: Canada's Front Line,"Apr 30, 2022",59713,13072.8568,40,139.893,0:13:08,578644,6.74
VEJGNHp073Q,Traveler Suspected of Flying to Canada to Illegally Enter US | Border Security: Canada's Front Line,"Jun 6, 2022",77810,16259.1086,70,720.235,0:12:32,802167,6.72
0C6WPfcd1Xg,SAS Training in Northern Ireland | Close Quarter Battle | Full Episode,"Jun 27, 2020",4775,336.7344,19,,0:04:13,42235,6.71
F_u83iP50fg,No English - Border Patrol Binge,"Oct 10, 2024",19970,9954.4722,9,72.533,0:29:54,176446,6.7
92Fn835e4ww,Big Surprise! | NightGuard Security Season 1 Episode 4 | Full Episode,"Nov 11, 2020",78655,17167.1161,341,,0:13:05,751478,6.7
K49FUjGYT5s,Border Patrol informs American she can't just get a job wherever #immigration #bordersecurity,"Apr 8, 2024",152333,2046.1375,96,33.457,0:00:48,1567537,6.69
F3LxwPBQodw,Mountain Biker Rejected at the Border | Border Security: Canada's Front Line,"May 29, 2022",53251,12257.3636,21,516.209,0:13:48,390001,6.69
3FtIyS_fqOg,Clash at the Border: Unruly Traveler vs. Customs Officer | Border Security: Australia's Front Line,"Jul 16, 2023",106286,23172.6229,76,1171.946,0:13:04,1000771,6.67
GOSMbSs3T9w,Agents Investigate a Suspicious Techie | Border Security: Canada's Front Line,"Apr 6, 2022",106238,23572.1752,64,532.739,0:13:18,770886,6.67
tSaFtTolx9M,American Deemed Too Sick to Enter Canada | Border Security: Canada's Front Line,"Apr 13, 2022",56399,12942.1953,32,515.811,0:13:46,518500,6.66
pPLDfCFi8kU,Brit Defiant After Cocaine Discovery | Border Security: Australia's Front Line,"Aug 6, 2023",128936,30322.5185,84,1399.988,0:14:06,1222902,6.64
WikkODqBzBU,Ferrari Tests Positive Drugs | Border Security: Australia's Front Line,"Jul 18, 2022",28547,6229.9062,15,72.099,0:13:05,243540,6.64
CWHTa73Ow8Y,Savage Wild | Tracking & Hunting Wild Boars with Spears & Dogs! | Full Episode,"May 8, 2020",1220,110.1388,4,,0:05:25,11739,6.64
S0MpiSs6mA0,Outback Rangers | Vicious Crocodiles | Season 1 Episode 9 | Full Episode,"Jun 16, 2021",4248,691.4111,18,44.873,0:09:45,43002,6.63
4PiF38dSZEc,Traveler Meltdown at Customs | Border Security: Canada's Front Line,"Apr 18, 2022",161356,31344.2465,136,1487.591,0:11:39,1483755,6.62
yDN294WGVz8,The Big One | Jim Shockey’s Hunting Adventures | Season 14 Episode 2,"Jan 1, 2023",3561,500.5673,6,,0:08:26,34218,6.62
vT23YmZzSzQ,Brit Cops: Law and Disorder | Cheapside Fight | Season 4 Episode 2 | Full Episode,"May 22, 2021",4467,1200.4598,23,4.927,0:16:07,46696,6.61
jZ8wfWmv-90,Sri Lanka Long Range Patrol Undergo World's Toughest Training | Special Forces,"Apr 12, 2018",27406,3203.5968,254,,0:07:00,327955,6.58
stT30sZB18g,New Platoon | Raw Recruits | Season 2 Episode 1,"Jul 20, 2022",1950,330.9159,5,11.769,0:10:10,17448,6.57
kvzyL88NEOg,Rare Orchid Smuggler | Border Security: Australia's Front Line,"Apr 2, 2023",140323,34021.2842,83,1450.821,0:14:32,1052109,6.55
kaR-XmS2rZ0,Meth Head Investigated by Agents | Border Security: Canada's Front Line,"May 7, 2022",45873,10826.506,20,478.161,0:14:09,429193,6.55
uY9oTuz_jGo,Back Country Rescue | Jackson Hole | Tetons Search & Rescue | Full Episode,"May 9, 2020",629,105.0462,4,5.399,0:10:01,5942,6.53
QrSncz5hrbo,Ice Man | Border Security: Australia's Front Line,"Jul 4, 2022",42386,8984.013,29,444.514,0:12:43,419838,6.53
k3I119739VM,Car Jackers | NightGuard Security Season 1 Episode 11 | Full Episode,"Dec 13, 2020",41368,11992.4465,124,,0:17:23,405482,6.52
9JpoUdFBEXM,Rough Takedown! | NightGuard Security Season 1 Episode 8 | Full Episode,"Nov 28, 2020",32552,9911.9801,84,13.703,0:18:16,291731,6.51
T5PUzknpr1E,Daring Drug Smugglers Captured At Border! | UK Border Force,"Jul 8, 2019",43445,7965.7815,30,191.69,0:11:00,372823,6.47
-NxwIUGUs8s,Savage Wild | Tracking the Dangerous Black Bear in Florida! | Full Episode,"May 6, 2020",344,31.7925,2,,0:05:32,3248,6.47
xQC0W4wshiI,Stuffy Conceals Coke | Border Security: Australia's Front Line,"Sep 16, 2022",80468,19219.4787,49,204.308,0:14:19,647129,6.45
W37l6uBXhmI,Man With Strange Past Stopped by Customs | Border Security: Canada's Front Line,"Apr 20, 2022",64389,14054.6184,40,583.293,0:13:05,666224,6.45
N5m1JAdvbno,Thai Masseuse's Vacation Lie | Border Security: Australia's Front Line,"Oct 25, 2023",166614,37687.7106,135,2201.477,0:13:34,1674480,6.43
qQ17mdXrugE,UK Border Agent Apprehends Potential Illegal Immigrant! | UK Border Force,"Jul 3, 2019",4638,1730.035,4,55.766,0:22:22,32022,6.42
wxuFm2NbxZU,Customs Stops Tricked Out Truck | Border Security: Canada's Front Line,"Apr 22, 2022",128770,22500.8506,78,1002.449,0:10:29,1077397,6.42
souvZ0sWYfw,Customs Discovers Credit Card Scam | Border Security: Australia's Front Line,"Sep 21, 2022",157873,36615.0621,156,1645.727,0:13:54,1337795,6.41
0bU_qCjmzVM,Manny Puig Trident & Spear Hunting! | Savage Wild | Full Episode,"Jun 12, 2020",411,40.2917,3,,0:05:52,4204,6.37
DVLK-AChArc,Silver Anniversary Hunting Celebration | Jim Shockey’s Hunting Adventures | Season 15 Episode 3,"Jan 23, 2022",5507,859.9508,2,54.549,0:09:22,56837,6.36
gS39bUGlt0I,Jim Shockey's Uncharted | Mountains and Mist | Season 5 Episode 4 | Full Episode,"Aug 8, 2021",1468,445.5218,1,,0:18:12,14981,6.35
DO0ZzPypUMg,Bahamas Boat Repossession | Pirates Inc,"Sep 16, 2023",15454,5538.7896,173,211.202,0:21:30,182587,6.34
xq79JHIlQaQ,Veteran Cuffed After Glock Discovery | Border Security: Canada's Front Line,"Oct 24, 2022",29503,5787.8585,19,223.028,0:11:46,311760,6.34
coUogt_O0Gw,Outback Coroner | Death in the Air | Season 1 Episode 7 | Full Episode,"Sep 4, 2021",5832,2173.8833,53,8.928,0:22:21,60748,6.34
FDPeIsqxb94,Solid Gold Bar Raises Suspicion | Border Security: Canada's Front Line,"May 18, 2022",75254,16638.0052,38,679.625,0:13:15,600994,6.33
EFPoEPxF9MA,Go Fast Boat Deal Goes Wrong | Pirates Inc,"Jul 22, 2023",6375,1675.3039,41,71.024,0:15:46,73244,6.32
nl7kacxjLvE,Romanian Extradition Warrant | Border Security: Australia's Front Line,"Oct 27, 2023",351067,75628.7157,255,2016.807,0:12:55,3598179,6.32
FnJbsiQEy0U,Ecstasy Pill Smugglers Busted! | Border Security: Australia's Front Line,"Oct 14, 2022",126201,29818.6634,99,1215.346,0:14:10,996286,6.31
7uqqlcoQVeY,Agents Stop Snoop Dogg's Cousin | Border Security: Canada's Front Line,"Apr 29, 2022",28846,6764.9529,13,295.258,0:14:04,287543,6.3
Y5XmJpJ7g5Q,Brit Cops: Law and Disorder | Bar Assault! | Season 4 Episode 7 | Full Episode,"May 29, 2021",2895,1061.2429,7,30.729,0:21:59,25616,6.3
sAh9D-VhxdQ,Land of the Midnight Sun | Jim Shockey’s Hunting Adventures | Season 15 Episode 6 | Full,"Jan 31, 2022",2432,410.0346,2,30.111,0:10:06,21552,6.3
ZBzkh2aSMA4,Saving Tsunami-Wrecked Vessel | The Salvage Masters,"May 19, 2023",70306,10022.9118,110,403.062,0:08:33,624313,6.29
XAzk5iUVbkY,Drug Mule or Escort?,"Oct 13, 2023",11862,135.9518,12,1.439,0:00:41,54052,6.27
9wnwvBVz90w,Revealing Signs: Narcotic Smuggler Caught Reacting | Border Security: Australia's Front Line,"Apr 28, 2024",142441,31917.5872,110,1281.479,0:13:26,1173826,6.27
PCW0z75dCeg,Dr's Wife Swoons Under Questioning | Border Security: Australia's Front Line,"Jan 27, 2024",315606,61936.5955,278,2689.195,0:11:46,3063058,6.26
TJwubxMF6GI,Roughneck Pushes His Luck w/ Border Patrol | Border Security: Canada's Front Line,"Apr 1, 2022",122831,25629.1279,100,1110.939,0:12:31,1297371,6.26
V2Rs2NZAFso,Border Patrol Agents Make Startling Discovery | Locked Up Abroad!,"Nov 7, 2019",109908,21237.5741,127,677.674,0:11:35,1105804,6.25
zHocxzjUo00,Brit Cops: Law and Disorder | Motorbike Thefts | Season 4 Episode 3 | Full Episode,"May 23, 2021",1448,584.7281,4,2.525,0:24:13,12746,6.25
5TVjmA0R6WI,Model Smuggling Cocaine? | Border Security: Australia's Front Line,"Sep 7, 2022",381133,78277.3556,404,3482.88,0:12:19,3416933,6.23
tAexUIAYxLg,Manic American Has Nothing to Declare - Border Security Australia,"Aug 29, 2024",61504,14544.6821,25,704.038,0:14:11,567359,6.23
bznZh4Grmxc,Alive in the Andes | Trapped,"Mar 21, 2018",293067,55513.9177,1260,1384.484,0:11:21,3492310,6.22
qaoh6QO2M_g,Hot Mess at the Border - Border Security Australia - DangerTV,"Sep 16, 2024",131115,88929.8495,82,2952.204,0:40:41,887847,6.22
tcaZ_exM4H8,Bag Contents Raise Doubts | Border Security: Australia's Front Line,"Jan 13, 2024",187270,41393.6034,126,1804.587,0:13:15,1656816,6.21
FNrhPP7-58g,UK Border Force | Secret Scam by Illegal Worker | Season 2 Episode 3 - Full Episode,"Apr 11, 2021",17967,6756.6545,10,194.005,0:22:33,128785,6.21
UGbwaayuM7I,Big Bag of Counterfeit Cash - Border Security Australia,"Sep 22, 2024",72526,29147.6247,55,1162.718,0:24:06,676365,6.21
7NwkVtlUzSs,Laptop or Bottom? - Border Security Australia,"May 29, 2024",60626,12467.8632,41,631.333,0:12:20,673480,6.2
IuTMMc_yMLY,White Tail Season | Jim Shockey’s Hunting Adventures | Season 15 Episode 7 | Full,"Feb 4, 2022",1902,347.7739,5,19.876,0:10:58,18438,6.19
gLO7py4pPrA,Jersey Girl | Border Security: Canada's Front Line,"Nov 4, 2022",78479,15821.8831,47,662.558,0:12:05,831249,6.19
sEalHuRWeFY,Man Overdoses While Trying to Hide Drugs From Customs | Border Security: Canada's Front Line,"Jun 12, 2022",284572,53419.2069,346,2737.513,0:11:15,3320589,6.18
QrAAqLor_b8,Never Hand Over Your Phone to Border Security | Border Security: Australia's Front Line,"Jun 5, 2024",75625,15800.8609,69,749.56,0:12:32,750416,6.18
-o3cZ3gIyc4,Pamplona's Running of the Bulls 2022 | Day 7 | Full Run,"Jul 13, 2022",9844,262.2245,15,19.568,0:01:35,111060,6.18
tm20M_V9cL0,UK Border Agency Finds Loads of Hidden Cash! | Border Patrol,"Dec 4, 2019",64423,12697.1187,50,239.136,0:11:49,668133,6.17
ANJFdlZ3ywg,Border Agents Make Uncomfortable Discovery at Gatwick Airport | UK Customs Border Patrol,"Jul 31, 2019",47149,6471.2008,54,190.231,0:08:14,515407,6.17
zCLMLmXUrqY,Mary Ann's Elephants | Predator Pets | Season 1 Episode 13 | Full Episode,"Jan 16, 2022",1533,421.0784,2,21.36,0:16:28,16694,6.16
egxGHIIzvxU,Double Whammy | Border Security: Australia's Front Line,"Sep 4, 2022",149469,38037.9348,111,1418.431,0:15:16,1008412,6.15
M6rYCPsxSpY,Customs Discovers 70G of Heroin Smuggled...Internally | Border Security: Australia's Front Line,"Jul 23, 2023",221961,53234.4605,260,2540.204,0:14:23,1804543,6.15
08oQ9h7b_ik,Brit Cops: Law and Disorder | A Night of Violence | Season 4 Finale Episode 10 | Full Episode,"Jun 2, 2021",2943,1062.6749,5,34.229,0:21:39,26854,6.14
n_xCY-5xKeg,Busting Tobacco Smugglers at The Airport! | Locked Up Abroad | Border Patrol,"Jul 12, 2019",1797,329.7113,2,1.231,0:11:00,15010,6.14
fGiEQNvUQI8,UK Customs Agents Bust a Drug Smuggler! | Border Patrol,"Nov 7, 2019",566222,105081.3831,665,3330.801,0:11:08,6608580,6.13
VgdoGZMJrNs,Airport Dogs Uncover Cocaine Smuggling | Border Security: Australia's Front Line,"Nov 30, 2023",78811,14731.7847,57,1024.246,0:11:12,937410,6.13
chc_RqYOjxY,American Loses Patience w/ Australia Border Patrol | Border Security: Australia's Front Line,"Sep 24, 2023",125552,29056.7969,74,1325.256,0:13:53,1086066,6.13
z-MnCauusaA,Police Dog Finds Drugs in Kid's Bedroom | London K-9 Unit,"Dec 18, 2021",4242,1292.0527,30,45.473,0:18:16,39066,6.13
QKsJmA6yn5o,Unmanned Vessel Rescue in Waves! | Coast Guard Cape Disappointment Pacific Northwest | Full Episode,"Sep 21, 2020",18384,5448.464,16,213.429,0:17:46,205017,6.12
AICvCccEuyU,Undeclared | Border Security: Canada's Front Line,"Nov 27, 2022",88741,21049.9507,56,773.946,0:14:13,588847,6.12
QD11nlY7WOw,Outback Coroner | Death of a Cowboy | Season 1 Episode 1 | Full Episode,"Aug 9, 2021",4759,1428.2929,60,50.84,0:18:00,50110,6.11
v5jLMe8vZOI,Soccer Quarantine | Border Security: Australia's Front Line,"Oct 19, 2022",20089,3436.1605,16,186.741,0:10:15,234640,6.1
yaUg1mT0_BQ,DUI Record Disrupts Family Holiday | Border Security: Canada's Front Line,"Jun 15, 2022",37380,8470.5276,19,323.522,0:13:35,298537,6.1
nvY2oA9S5U4,Bonus Monday Night Live Stream - Australia Border Security Strikes Again,"Oct 1, 2024",31108,16001.4373,11,593.264,0:30:51,318293,6.1
tmVTYK7S55A,Agents Discover Stolen Land Rovers | Border Security: Canada's Front Line,"Nov 25, 2022",84938,19295.0658,29,466.902,0:13:37,622145,6.1
ml5c9mt5Dzg,Jim Shockey's Uncharted | Undiscovered Country | Season 3 Episode 4 | Full Episode,"Jun 26, 2021",3841,1018.5597,8,48.084,0:15:54,40903,6.09
aARw3I45mz4,Customs Agents Find Smuggled Drugs | UK Border Patrol,"Nov 7, 2019",70438,16056.735,107,109.588,0:13:40,674502,6.09
8kWZ3igWRuQ,Illegal Snake Boots? | Border Security: Australia's Front Line,"Feb 29, 2024",143444,28573.5322,100,1410.181,0:11:57,1529689,6.09
kl2ol68Cu3g,UK Couple Fails to Declare | Border Security: Australia's Front Line,"Feb 17, 2024",223262,48396.3028,143,2102.619,0:13:00,1957692,6.09
Hie0_1Rv2a8,Customs Officer Gets Tough on a Kiwi | Border Security: Australia's Front Line,"Apr 9, 2023",118922,29677.9231,77,1120.014,0:14:58,911399,6.09
hcI1ETe-xSk,American's Colossal Customs Blunder | Border Security: Australia's Front Line,"Mar 31, 2024",173383,36461.5692,115,1659.312,0:12:37,1687770,6.09
3OxAJTYcOBg,Brit Cops: Law and Disorder | Chasing Thieves in London | Season 4 Episode 5 | Full Episode,"May 26, 2021",3370,1255.6757,5,4.829,0:22:21,29356,6.07
-HkAbHK8CGw,Drug Smuggler Repo | Pirates Inc,"Jul 15, 2023",6469,1575.9806,64,73.59,0:14:37,73935,6.06
d4b2QhtD8Uk,"Two Men Attempt to Canoe 2,000KM across Canada's Wilderness! | Mammalian Full Length Documentary","Nov 7, 2019",3694,685.0656,19,,0:11:07,38117,6.06
IAIu5f-AUAA,Hunt for Undocumented Workers | Border Security: Australia's Front Line,"Sep 22, 2023",63516,16582.7362,25,573.433,0:15:39,497957,6.05
j0eRWnNd6Pk,Newlywed Whitetail Hunt | Jim Shockey’s Hunting Adventures | Season 15 Episode 17 | Full,"Mar 4, 2022",1073,178.4882,0,11.062,0:09:58,11218,6.04
jl3xqT5I_Yk,Rookie Detector Dog Debuts | Border Security: Australia's Front Line,"Nov 9, 2023",89745,19406.5232,44,1084.505,0:12:58,979046,6.02
ZvVqBlhvG3g,Mexican Drug Courier? | Border Security: Canada's Front Line,"Nov 19, 2022",31791,7422.7571,15,283.46,0:14:00,310872,6.02
6gOkJXG1epY,Baby Face Caught with $100k in Heroin | Border Security: Australia's Front Line,"Apr 16, 2023",170566,38919.0176,164,2051.677,0:13:41,1636110,6.02
SehyJDk5fFE,Man Stood Up by Internet Bride | Border Security: Australia's Front Line,"Jun 24, 2022",42113,9669.2125,25,408.468,0:13:46,372123,6.02
Z3GcWlEHLiU,Wildest Antarctica! | Full Length Documentary,"Dec 4, 2019",186,61.9098,0,2.896,0:19:58,1430,6.01
msEjUksVSRQ,Corey Feldman Gets Detained at the Border | Border Security: Canada's Front Line,"Mar 20, 2022",43292,8975.8947,49,375.324,0:12:26,426608,6.01
R66ljna_KFE,Caught Red Handed! | NightGuard Security Season 1 Episode 3 | Full Episode,"Nov 6, 2020",89909,26494.3213,330,,0:17:40,634560,6.01
Egq72DP29nE,Outback Rangers | Killer Crocs | Season 1 Episode 1 | Full Episode,"Jun 4, 2021",5995,818.7386,36,51.629,0:08:11,67624,6.01
OpoYYTYcrsY,Crime Down Under - Detectives | Episode 2 - Teamwork | Full Episode,"Jan 23, 2021",10137,1993.0322,55,6.53,0:11:47,103563,6
hkgePAoYW34,Armed Man Knows His Rights | Border Security: Canada's Front Line,"Dec 17, 2022",72302,14256.9555,44,561.359,0:11:49,789727,5.99
2BTm7qoRGio,How to Flirt Your Way Through Customs | Border Security: Australia's Front Line,"Jul 9, 2023",212862,40709.5818,190,2016.68,0:11:28,2416677,5.99
dOXnjYRhndc,Going in Raw - Border Security Australia,"May 27, 2024",185694,32802.2718,189,1093.515,0:10:35,2120213,5.99
iONInvauXUI,Hunting Sarajevo Snipers | Close Quarter Battle | Full Episode,"Jul 11, 2020",1181,115.1917,11,,0:05:51,11236,5.98
rZiIsR7F0YI,UK Border Agency Customs Agents Front Lines Fight Against Illegal Immigration | Locked Up Abroad,"Nov 7, 2019",11332,4631.3977,5,129.306,0:24:31,70957,5.98
L-ZwVKPH9n4,All About Eva | Jim Shockey’s Hunting Adventures | Season 14 Episode 10,"Jan 23, 2023",1280,161.4449,4,14.767,0:07:34,14123,5.98
0haqNBsUxyE,Honduran Drug Runners | Border Security: Canada's Front Line,"Apr 16, 2022",47064,11704.1165,17,438.047,0:14:55,305254,5.97
5eAjp_GLj0w,Brit Cops: Law and Disorder | Terror Alert! | Season 4 Episode 9 | Full Episode,"May 31, 2021",3004,1088.288,5,32.099,0:21:44,29111,5.95
UR85aFBmJD4,Massive Meth Concealment - Border Security Australia,"Sep 10, 2024",50038,11277.8484,38,513.55,0:13:31,581700,5.93
50aEE_k10W8,Heroin Twosome | Border Security: Australia's Front Line,"Aug 13, 2022",172929,42573.0895,119,443.124,0:14:46,1389943,5.93
Cv1ZjSdu1cI,Korean Cocaine Trafficker | Border Security: Australia's Front Line,"Oct 5, 2022",180197,39695.3013,167,2067.56,0:13:13,1784043,5.93
VmFl-ds1b1U,The Biggest Buck in Saskatchewan | Jim Shockey’s Hunting Adventures | Season 14 Episode 17,"Feb 13, 2023",2196,391.5375,3,28.469,0:10:41,24741,5.93
oHK7ZptbGWQ,Mentors Race | Celebrity Car Wars | Season 2 Episode 7,,11,1.7298,0,0.024,0:09:26,169,5.92
fWRUsssFuj4,The Sketchiest Hiding Spots Ever - Border Security Australia - DangerTV,"Sep 19, 2024",83213,42466.6845,53,1595.472,0:30:37,742928,5.92
fzUJeV03IFo,Police Dog Famous for Hunting Killers | London K-9 Unit,"Nov 20, 2021",27050,6892.0397,201,270.634,0:15:17,228231,5.91
XK_imfMDj9w,Unsettling Behavior Raises Red Flags | Border Security: Australia's Front Line,"Apr 4, 2024",194028,45504.9526,155,1959.191,0:14:04,1740160,5.91
0v7XMPqLg2o,Customs Finds a...Tiger Head? | Border Security: Canada's Front Line,"Oct 30, 2022",21744,5153.9167,5,190.327,0:14:13,219751,5.91
33Bumw_hZoQ,Sasquatch Mountain Man | Black Bear - Season 1 Episode 3 | Full Episode,"Oct 18, 2020",3039,525.688,14,,0:10:22,34557,5.9
upe5WgbPgbQ,Potential Sex Worker Interrogated | Border Security: Canada's Front Line,"Oct 29, 2022",69850,14977.036,47,684.546,0:12:51,775713,5.89
_1yBfHFyVdQ,Package Discovery Prompts Emergency Phone Call | Border Security: Australia's Front Line,"Apr 14, 2024",254262,56981.098,220,2223.912,0:13:26,2504455,5.88
ux1Mb6Vxci0,UK Border Customs Agents Raid a Restaurant in Search of Illegal Immigrants! | Border Security Force,"Jul 5, 2019",8852,2079.6179,12,55.786,0:14:05,99273,5.88
vLC7Bb-84rM,"German Keeps Cool After $450,000 Heroin Bust | Border Security: Australia's Front Line","Oct 29, 2023",330636,71950.0781,319,3671.938,0:13:03,3285226,5.88
mekXV8Urujk,UK Border Security Force Raid an Apartment! | Customs Agents,"Jun 24, 2019",3626,1251.4824,2,35.955,0:20:42,21232,5.87
dJrquj-QAtQ,Swallowing 143g of Heroin | Border Security: Australia's Front Line,"Jul 8, 2022",130266,28257.7778,98,1456.976,0:13:00,1372765,5.86
H3EVyJxdoiE,"Giant German ""Guido"" Stopped at Customs | Border Security: Australia's Front Line","Aug 27, 2023",86401,22451.0752,40,905.571,0:15:35,694873,5.86
IYIohGg9RgE,Montana Elk | Sasquatch Mountain Man | Season 5 Episode 7,"Feb 27, 2022",8903,1393.6466,33,75.138,0:09:23,95483,5.85
GFheP-1Xfls,Attempting to Bribe a Customs Officer? | Border Security: Australia's Front Line,"Jan 6, 2024",287297,65676.7182,274,2888.824,0:13:42,3019459,5.85
8_rjlKJRFIE,Fighting Huge Waves - Rescue | Coast Guard Cape Disappointment Pacific Northwest | Full Episode,"Sep 19, 2020",58312,14953.2655,102,652.169,0:15:23,557830,5.85
Fuej9-p-flU,"Too Drunk To Clear Customs | ""Customs: Remastered"" 4k","Jul 6, 2023",6990,1390.0469,2,54.173,0:11:55,85297,5.83
PvbtcgYsu6w,Drugs Disguised as Baby Formula | Border Security: Canada's Front Line,"Apr 8, 2022",92609,22758.5595,49,225.771,0:14:44,667466,5.83
Bn4YbncCTL8,What's in the can?,"Feb 3, 2023",12979,68.1778,32,1.34,0:00:18,110498,5.82
349Ehe8L7fA,Transgender Traveler's Illegal Work Intentions | Border Security: Australia's Front Line,"Feb 1, 2024",304330,66096.2904,318,2607.023,0:13:01,2891988,5.82
16XO4y-v7Pg,Border Agents Search For Smugglers at Manchester Airport | Border Patrol,"Jul 26, 2019",37167,6359.9754,40,174.974,0:10:16,350433,5.82
VyycRV2CEr8,"Positive Drug Tests: Heroin, LSD | Border Security: Australia's Front Line","Nov 16, 2023",392072,97423.9177,414,4825.041,0:14:54,3971896,5.81
t3M_gbvfNgw,Man Swallows Cocaine Packets | Border Security: Australia's Front Line,"Jun 20, 2022",27634,5964.9103,26,268.814,0:12:57,249522,5.81
A1AVEdeTM4w,American Suspected of Smuggling | Border Security: Australia's Front Line,"Sep 26, 2022",116046,30352.9854,78,1173.663,0:15:41,911665,5.8
hdXOpbGkuUU,Sasquatch Mountain Man | Montana Elk Part 2 - Season 1 Episode 7 | Full Episode,"Nov 8, 2020",3016,616.9362,8,,0:12:16,32359,5.79
HYwZA23T5Pc,Marine Team Searches Ship Loaded with Guns | Border Security: Canada's Front Line,"May 13, 2022",29783,6776.6356,16,273.897,0:13:39,307402,5.79
20QFrG5Mu4A,Criminal Record Threatens Cross-Border Relationship | Border Security: Australia's Front Line,"Dec 7, 2023",163501,41500.1613,82,1863.197,0:15:13,1365435,5.79
xl4S0ZWdAws,Cartel Busted - Border Security Australia,"Aug 13, 2024",56766,12173.6461,47,606.486,0:12:52,714932,5.78
3zKsw8Hw4FU,UK Border Force Bust Illegals from Iraq | Season 2 Episode 2 - Full Episode,"Apr 10, 2021",60550,24439.7764,36,685.1,0:24:13,382986,5.78
J1ZG7vIjjWY,Cocaine Soup | Border Security: Australia's Front Line,"Jul 16, 2022",90252,21609.0785,53,233.873,0:14:21,848063,5.77
4Tkbjwz-6Zo,Manny Puig Attacked by Wild Boars! | Savage Wild | Full Episode,"Jun 18, 2020",401,39.7816,3,,0:05:57,3592,5.76
3aLyLdUhIps,UK Border Force | Expelled from the Country! | Season 2 Episode 4 - Full Episode,"Apr 12, 2021",44378,16382.758,21,589.483,0:22:09,340779,5.75
HuLNvImhL84,Refusing a Search at Customs | Border Security: Australia's Front Line,"May 28, 2023",265336,58570.1178,346,3038.916,0:13:14,2983964,5.75
EBWkd6xTyq4,"Devastating Joplin, Missouri Tornado - May 22, 2011 & Aftermath | Full Documentary","Sep 27, 2020",476082,54823.5686,1283,2643.658,0:06:54,6091417,5.75
b9LvtbFF838,Escaped Exotic Animals | Predator Pets | Season 1 Episode 11 | Full Episode,"Jan 10, 2022",2706,597.5279,10,31.394,0:13:14,31517,5.73
slytP-5i114,Strange Last Minute Traveler | Border Security: Canada's Front Line,"Nov 16, 2022",50074,12242.4271,14,445.521,0:14:40,345620,5.73
VuaTqMzdvnc,Hong Kong Heroin Contraband | Border Security: Australia's Front Line,"Aug 5, 2022",199155,47261.469,165,2324.985,0:14:14,1773896,5.71
SFtsN7g31rw,Traveler Casts Spell on Officers | Border Security: Australia's Front Line,"Jan 20, 2024",286537,62223.189,206,2668.201,0:13:01,2753273,5.7
Y8tle9YMz-4,Back Country Rescue | Jackson Hole Avalanche! | Tetons Search & Rescue | Full Episode,"May 15, 2020",846,139.7859,8,7.065,0:09:54,10043,5.7
CToNPly5d5c,UK Border Patrol Agent Searches Salad Truck at Port of Dover for Illegal Immigrants | Customs,"Jul 22, 2019",8538,1858.5763,4,57.479,0:13:03,62889,5.69
2cpbyO4qbQQ,Back Country Rescue | Jackson Hole Skier Rescue! | Tetons Search & Rescue | Full Episode,"May 22, 2020",527,87.3025,2,4.148,0:09:56,6135,5.69
VzdmVd-ssJE,Rotten Surprises Revealed | Border Security: Australia's Front Line,"Mar 14, 2024",105810,25228.4813,61,1111.042,0:14:18,987647,5.68
WTUXZYfM8WU,Drug Smuggling Team | Border Security: Australia's Front Line,"Oct 10, 2022",270640,59131.5373,386,3026.152,0:13:06,2709372,5.68
05IgZfd2qs8,Crystal Meth Seized in Package From China  | Border Security: Canada's Front Line,"Jun 4, 2022",5264,1362.6415,0,14.73,0:15:31,47598,5.67
fcVx4_vMx-A,Earthrace | Full Episode,"Nov 7, 2019",475,53.7519,1,,0:06:47,5524,5.67
QJOHGITA0OU,Tobacco Smuggler Attempts To Fool Border Security Guards! | UK Customs | Border Patrol,"Jul 15, 2019",7653,1312.1074,6,44.96,0:10:17,86259,5.67
MUNapG2nJ_s,Hot Pursuit | NightGuard Security Season 1 Episode 5 | Full Episode,"Nov 16, 2020",263660,55536.7554,2776,,0:12:38,2382674,5.66
ETsOS4nhBPw,UK Border Force Customs Agents Crackdown on Illegal Workers,"Dec 5, 2019",26450,9656.0032,17,154.459,0:21:54,163849,5.66
epXm5E3a9w0,Tourist's Big Mistake | Border Security: Australia's Front Line,"Jan 4, 2024",322705,83197.979,317,2900.242,0:15:28,2360853,5.66
NgN2HAe6qQU,Idaho Deer | Sasquatch Mountain Man | Season 5 Episode 11,"Mar 11, 2022",2774,568.8137,3,30.087,0:12:18,26556,5.66
2VvP-y8NRzw,Brit Cops: Law and Disorder | Gun Arrest | Season 4 Episode 1 - Series Premier | Full Episode,"May 21, 2021",5823,1662.193,21,59.965,0:17:07,60538,5.65
QAXpeiqhukc,Guess Who's Smuggling Hash Brownies? | Border Security: Canada's Front Line,"Oct 26, 2022",24892,5864.2913,4,213.973,0:14:08,249561,5.65
AEkr0Sqn9-w,Massive Meth Bust - Border Security Australia,"Aug 23, 2024",95587,21670.6895,65,952.438,0:13:36,1033705,5.65
em2RNqguZOM,Regiments | Raw Recruits | Season 2 Episode 6,"Aug 3, 2022",1006,286.9495,1,6.072,0:17:06,11610,5.63
5s6-WNZNAcg,Bali Party Fallout | Border Security: Australia's Front Line,"Feb 24, 2024",142672,33217.9967,78,1436.198,0:13:58,1252922,5.63
dcobtcaKh94,Big Bust! | NightGuard Security Season 1 Episode 7 | Full Episode,"Nov 25, 2020",42087,12663.7946,173,,0:18:03,443034,5.63
NvQ8jzrlJ20,Party Boy's Luggage: Vitamins or Trouble? | Border Security: Australia's Front Line,"Oct 13, 2023",133455,33981.9199,46,1135.985,0:15:16,1172876,5.62
_Y8pl1wOPLQ,Coast Guard Rescues Their Own Ship | Coast Guard: Cape Disappointment,"Sep 23, 2020",28730,9145.2157,42,262.186,0:19:05,278165,5.6
dzMWZ678Olk,Hunter With Illegal Guns? | Border Security: Canada's Front Line,"May 27, 2022",23416,5791.969,4,200.152,0:14:50,214788,5.59
_ovZslt6jA0,Israeli Woman's Bag Tests Positive for Heroin | Border Security: Australia's Front Line,"Sep 17, 2023",324691,72318.5672,359,3479.065,0:13:21,3656428,5.59
zbPVjdlehlo,Drifting and Parking | Celebrity Car Wars | Season 2 Episode 6,,12,1.4979,0,0.032,0:07:29,179,5.59
thIXwxzIlZQ,Brit Cops: Law and Disorder | Football Fight | Season 4 Episode 4 | Full Episode,"May 24, 2021",3106,1138.4484,6,40.14,0:21:59,28659,5.59
s2-Ni73IkVU,Outback Coroner | Death in Custody | Season 1 Episode 8 | Full Episode,"Sep 6, 2021",5747,2305.3238,30,9.398,0:24:04,63629,5.59
o4B184YmaLI,Border Agents Scrub 747 | Border Security: Canada's Front Line,"Apr 23, 2022",29096,6889.1605,6,259.253,0:14:12,280956,5.58
VrHFrJ5sYZY,Massive Bust of Hidden Drugs - Border Security Australia,"Aug 19, 2024",55663,11890.9426,34,553.481,0:12:49,655355,5.58
MwoLTUAu82Y,Border Agents Protecting the Border from Smugglers | Border Patrol | Locked Up Abroad,"Nov 7, 2019",29908,4483.7312,31,150.233,0:08:59,379140,5.58
Eo4zwnYR1-s,"Woman Conceals 2.5 Kilos Everywhere Imaginable | ""Customs: Remastered"" 4k","May 18, 2023",183567,29102.7372,236,1646.725,0:09:30,2420159,5.57
nvVmi_jssTQ,Mule Deer in the Mountains | Sasquatch Mountain Man | Season 5 Episode 2,"Feb 13, 2022",3766,734.732,11,40.691,0:11:42,42434,5.57
EozrtrJw34g,Fisherman Stopped With Drugs | Border Security: Canada's Front Line,"May 23, 2022",22877,5502.2358,11,202.619,0:14:25,215281,5.57
zBLp3nckkgQ,UK Border Agency Wages War Against Smugglers | Locked Up Abroad | Border Patrol,"Dec 4, 2019",14309,2613.8052,7,77.46,0:10:57,163324,5.57
pbiZnOifz_I,Police Dogs on Drug Dealer's Trail | London K-9 Unit,"Nov 14, 2021",2422,827.9945,13,24.801,0:20:30,23720,5.57
WfLnH1wUu_A,Stabbed - An Inside Look at Britain's Knife Fight Epidemic! | Full Length Documentary,"Nov 7, 2019",1278,226.9795,6,0.807,0:10:39,12777,5.56
UUQmSVRXZrA,Identical Documents Raise Red Flags | Border Security: Australia's Front Line,"Mar 7, 2024",157430,34272.0128,100,1617.177,0:13:03,1671454,5.56
i2z9y1ehg14,Armed Manhunt! | Coast Guard Cape Disappointment Pacific Northwest | Full Episode,"Sep 18, 2020",39424,11478.5612,47,424.577,0:17:28,432423,5.56
vm4atTlA0hk,Ex-Con Runs in to Trouble at Border | Border Security: Australia's Front Line,"Mar 26, 2023",46226,11442.5228,26,410.413,0:14:51,306706,5.56
ZJnmEgwhD24,Guns and Ammo Raise Eyebrows | Border Security: Canada's Front Line,"Dec 9, 2022",29406,6915.5524,17,251.652,0:14:06,279665,5.54
RSLlDPI5awY,SWAT Team Handles Potential Powder Keg Situation | Miami SWAT,"Jun 19, 2023",16690,4304.9323,39,42.979,0:15:28,217620,5.54
cv-QSk49TaA,Banned by Border Security Australia | Border Security: Australia's Front Line,"Jun 13, 2024",34959,6748.5415,17,279.112,0:11:34,379209,5.54
zpvx8yBWxyw,Agents Question Soldier on the Run | Border Security: Canada's Front Line,"Apr 25, 2022",48880,10984.5973,25,449.426,0:13:29,434069,5.54
peeo7FtqIPw,Strict Border Agent Questions Illegal Immigrant | UK Border Force,"Jul 1, 2019",28688,10542.7657,18,199.863,0:22:02,175212,5.52
dSZTnBgfNpE,Outback Coroner | Death of a Hitchhiker | Season 1 Episode 4 | Full Episode,"Aug 28, 2021",3910,1639.6344,28,7.12,0:25:09,41411,5.52
TsH7Ctmtd3s,Just a Man and His Teddy Bear? | Border Security: Australia's Front Line,"Aug 15, 2022",71666,18713.839,48,687.348,0:15:40,582334,5.51
fvQsH5LzoRg,Captured Behind Enemy Lines | British Pilots Shot Down | Full Length Documentary,"Nov 7, 2019",2722,347.1557,8,,0:07:39,33667,5.51
oCdm5slVqes,Meet London's K-9 Corps | London K-9 Unit,"Nov 12, 2021",1772,456.9806,7,16.565,0:15:28,19023,5.51
QBS2jsco7Uo,Who is She Really? - Border Security Australia,"Sep 5, 2024",45442,10304.6311,29,421.36,0:13:36,476360,5.51
SjuP96eQ0hM,Opening Fire | Raw Recruits | Season 2 Episode 2,"Jul 23, 2022",1275,384.0804,4,10.78,0:18:04,14767,5.51
5IwdhO04vJo,Human Trafficking Operation? | Border Security: Australia's Front Line,"Sep 27, 2023",181025,48265.795,147,1529.918,0:15:59,1499536,5.5
4E1DcWEif1k,Drug Sniffing Dog Hits Jackpot | Border Security: Canada's Front Line,"Mar 23, 2022",455436,75528.5656,586,4185.476,0:09:57,5842268,5.5
ZMNqZLmSgwA,Special Forces chili challenge #chili #challenge #specialforces #musang,"Jan 21, 2023",2053,21.3272,3,0.01,0:00:37,15136,5.5
k8ydEO2IuCc,Touring Band Detained After Smelling Like Marijuana | Border Security: Canada's Front Line,"Apr 17, 2022",20245,4809.4948,13,192.933,0:14:15,212367,5.49
Bt7H2toFhF4,Ephedrine Discovery Leads to Police Raid | Border Security: Australia's Front Line,"May 5, 2024",136828,32334.6119,111,1358.581,0:14:10,1406403,5.49
5LIBiL6QP3E,Serial Drug Offender | Border Security: Australia's Front Line,"Mar 28, 2024",306223,65833.0829,221,3421.795,0:12:53,3360880,5.48
T2F1iVZrpkM,Oil Rig Worker Interrogated by Border Security | Border Security: Canada's Front Line,"Mar 26, 2022",40994,9733.4821,21,380.147,0:14:14,411805,5.48
VBsSXdDSf7w,Stopped by Customs for Being Broke? | Border Security: Australia's Front Line,"Sep 24, 2022",58409,14784.89,22,527.448,0:15:11,453317,5.46
_X505XWsDyI,Death Row Dogs | Full Length Documentary,"Nov 7, 2019",94264,17059.9211,335,492.58,0:10:51,993470,5.46
R8VzxyPpR6o,Smuggling Scheme Unraveled | Border Security: Australia's Front Line,"Oct 15, 2023",403943,95371.4572,623,4387.798,0:14:09,3525400,5.46
CjzRtYoRxQ4,Heart-Shaped Boxes...of Meth | Border Security: Australia's Front Line,"Apr 25, 2024",130798,28410.1313,226,1341.726,0:13:01,1303887,5.45
BZtrSqfR1UM,"Traveler X-Rays Reveal Something Suspicious | ""Customs: Remastered"" 4k","Jun 1, 2023",10457,1923.9333,5,105.099,0:11:02,129217,5.45
kmSCwGML7gM,Monster Storm & Good Luck | Hardliners - Australian TV Show | Full Episode,"Jun 4, 2018",338,60.6634,0,2.764,0:10:46,3787,5.44
bOf66G9eImA,'Body Packer' Loses It | Border Security: Australia's Front Line,"Jan 25, 2024",584401,115068.2994,992,5232.879,0:11:48,6586583,5.43
Cj29ZQrRgnE,Friday's Big Border No No's - Border Security Australia,"Jul 26, 2024",210149,130587.4025,153,3442.998,0:37:17,1585291,5.42
2wwSaYDYmjE,Her Diary Leads to Bust - Border Security Australia,"Aug 15, 2024",90595,22134.1512,77,1061.469,0:14:39,817340,5.4
H4hYvaYbW-Q,Taken to Jail | Hardliners - Australian TV Show | Full Episode,"Jun 11, 2018",306,50.9342,0,,0:09:59,3580,5.39
996YZrixSdM,Customs Break up a Drug Ring | Border Security: Australia's Front Line,"Apr 23, 2023",73117,19340.4049,25,807.19,0:15:52,542794,5.39
2yNB7vb4q3E,Meth-od Man - Border Security Australia,"Sep 17, 2024",41592,9094.826,56,465.842,0:13:07,511947,5.39
-NNMG6ZTG_U,Broke Canadian's Entry at Risk | Border Security: Australia's Front Line,"Mar 17, 2024",214502,49888.7541,152,2355.599,0:13:57,2083542,5.38
Mvinn_TZjWg,Couple Tries Bringing Weed Across Border | Border Security: Canada's Front Line,"May 21, 2022",33998,8261.7102,19,318.901,0:14:34,377091,5.38
x5_s534RhGc,Kid's Book Conceals Contraband - Border Security Australia,"Aug 31, 2024",48756,11103.3685,9,460.372,0:13:39,534374,5.38
RSQkvROA_-o,Interrogating Brits over Booze and Pills | Border Security: Australia's Front Line,"May 1, 2024",103262,23704.4166,74,1015.499,0:13:46,983574,5.38
8yP7u8UxkC0,Avalanche Rescue! | Back Country Rescue | Tetons Search & Rescue | Full Episode,"Jun 12, 2020",1087,172.3363,9,8.041,0:09:30,13866,5.37
HCHFdMeK76w,Jim Shockey's Uncharted: Yukon | Bull Moose Hunting | Full Episode,"Aug 30, 2020",13073,3905.5595,47,5.194,0:17:55,167055,5.37
Mdre7X3CeLA,Major Drug Bust Stopped - Border Security Australia,"Aug 26, 2024",49695,11437.2481,5,445.006,0:13:48,578454,5.35
zwpec6XI5ic,Smuggling Prescription Pills | Border Security: Australia's Front Line,"Oct 16, 2022",76946,19850.706,51,760.729,0:15:28,523373,5.35
NuyMAGPsr0k,Why is Passenger Flustered? | Border Security: Australia's Front Line,"Dec 30, 2023",431372,103124.3049,719,4096.853,0:14:20,3602994,5.35
gH9y7_0bjkU,UK Border Security Force Customs Agents Behind the Scenes | Locked Up Abroad | Border Patrol,"Nov 7, 2019",87197,28515.1215,75,764.96,0:19:37,886190,5.34
UjHPR38U060,Drug Mule or High-End Escort? | Border Security: Australia's Front Line,"Oct 18, 2023",807194,144259.9621,1088,5748.132,0:10:43,10966794,5.33
yc3uS_3jD-4,Saturday Bust-a-thon - Border Security Australia - DangerTV,"Sep 14, 2024",120904,84909.4344,80,2762.446,0:42:08,1027474,5.33
ZckXarK8N5k,Belgian Helicopter Police Fight Criminals from the Air! | Sky Cops,"Feb 10, 2020",192,7.6787,0,0.565,0:02:23,1484,5.32
i_6G9v5Kz6E,Nervous Frenchman Raises Customs Concerns | Border Security: Australia's Front Line,"Apr 7, 2024",144621,36384.8292,98,1503.594,0:15:05,1212723,5.32
vU6N1jAma6Y,Jamaican Frequent Flier Raises Suspicion | Border Security: Canada's Front Line,"Oct 28, 2022",135222,25254.7665,253,1450.287,0:11:12,1777784,5.31
gcOihNKUIJk,MMA Fighter's Frequent Visits Spark Suspicion | Border Security: Australia's Front Line,"Mar 21, 2024",75305,17642.5433,43,796.759,0:14:03,760241,5.31
7KWXMGjnMqI,Customs Agents Search Boat for Weapons | Border Security: Canada's Front Line,"Jun 1, 2022",13965,3472.334,3,129.933,0:14:55,134642,5.31
d73WmNapABY,DJ Caught With Cocaine Residue | Border Security: Australia's Front Line,"Jul 2, 2023",102989,28128.8255,51,1136.362,0:16:23,723024,5.31
VhFLHcpCnN8,Bringing in a Biohazard | Border Security: Australia's Front Line,"Feb 10, 2024",172994,41313.0833,120,1751.06,0:14:19,1664251,5.3
H3QmruFdfgo,Hurricane Katrina New Orleans Hospital Disaster | Trapped Emergency | Nature Documentary,"Apr 27, 2018",24660,5888.5282,127,262.524,0:14:19,304976,5.29
K9ORwBN2N4E,Colorado Elk | Sasquatch Mountain Man | Season 5 Episode 1,"Feb 11, 2022",2710,463.2629,15,29.811,0:10:15,21813,5.29
PHp-OMrLOsc,UK Border Security Agents Bust a Grandma | Customs,"Nov 7, 2019",467798,84776.5759,757,2978.959,0:10:52,6204959,5.29
7K6VSVaH6Sc,Party First! | Street Hospital | Season 2 - Episode 8 | Full Episode,"Nov 9, 2020",480,63.2689,1,1.441,0:07:54,5350,5.29
qaa4kKnPbwQ,Customs Officials Fight off Nasty Smugglers! | Customs,"Dec 4, 2019",1092380,181274.8392,1670,5974.995,0:09:57,14418297,5.29
aD_QvG7MzT4,Jim Shockey's Uncharted | Sheep Hunting | Season 3 Episode 5 | Full Episode,"Jun 30, 2021",1992,628.6337,4,28.833,0:18:56,23952,5.29
bWiEYD-l7DM,Ghostbusters | Border Security: Canada's Front Line,"Dec 14, 2022",28514,7034.3636,17,236.907,0:14:48,260701,5.28
61vz1O3jDeM,"Cocaine Residue Raises Suspicion From Customs | ""Customs: Remastered"" 4k","May 25, 2023",4828,937.841,2,49.973,0:11:39,63296,5.28
hq7lKfp2hm4,Outback Rangers | Danger Zone | Season 1 Episode 3 | Full Episode,"Jun 6, 2021",1626,299.9345,6,16.222,0:11:04,18208,5.28
TX1GSbrFxh0,Weapons Training - New Zealand Military | Intake - Season 1 - Episode 2 | Full Episode,"Oct 5, 2020",5817,885.8504,16,21.995,0:09:08,78186,5.27
xOyDE1KgzHo,Traces of Cocaine on Snowboarder's ID | Border Security: Canada's Front Line,"Apr 27, 2022",22861,5457.5032,10,202.244,0:14:19,240180,5.27
ETctilCOf4s,Aussies Caught with Huge Pill Stash | Border Security: Australia's Front Line,"Feb 22, 2024",202216,51410.4905,92,2027.51,0:15:15,1684086,5.27
9tfhWEkwELI,Snowmobile Crash Rescue! | Back Country Rescue | Tetons Search & Rescue | Full Episode,"Jun 17, 2020",620,101.2187,1,3.746,0:09:47,6854,5.27
B5Z5sGtgNYc,Lady Gaga Super Fan or Something More? | Border Security: Canada's Front Line,"Oct 31, 2022",22195,5172.0847,10,194.198,0:13:58,249386,5.27
KGlVnjh936g,Winter Training - New Zealand Military | Intake - Season 1 - Episode 3 | Full Episode,"Oct 7, 2020",5064,747.9446,13,20.839,0:08:51,61541,5.27
uwEmpbxaC_4,Peruvian Backpack Banned | Border Security Australia,"Jul 11, 2024",144769,25043.5233,71,1151.86,0:10:22,1612978,5.26
QXfIX4n8CMA,Drug Smugglers Hide Cocaine in Shoes | Customs,"Mar 29, 2022",1119,22.1458,6,2.442,0:01:11,13234,5.26
DEv7UgvC8Ao,Seized: Aussie's Weapons Stash | Border Security: Australia's Front Line,"Dec 21, 2023",163299,36804.4014,91,1278.217,0:13:31,1637234,5.26
x8D1UNDOm_8,Hidden Ingredients | Border Security: Australia's Front Line,"Feb 15, 2024",343779,84470.8867,359,3409.963,0:14:44,2716095,5.26
x6x7IxwKtPs,Broke American Traveler | Border Security: Australia's Front Line,"Jun 18, 2023",143332,38804.2928,95,1670.839,0:16:14,1189362,5.26
9Pf278p2RLs,Missing | NightGuard Security Season 1 Episode 2 | Full Episode,"Oct 30, 2020",29083,8096.9378,92,,0:16:42,324363,5.25
491pZuFBuUk,Time To Go Home - Border Lunch Broadcast,"Oct 11, 2024",10136,5848.8407,-2,230.325,0:34:37,104140,5.24
QbJE9-g_P4w,Smuggling into the Weekend - Border Security Australia - DangerTV,"Sep 20, 2024",57781,32721.8043,23,559.098,0:33:58,429529,5.24
idzglJCoCUY,Beans Gone Bad: Cocaine Plot Exposed by Customs | Border Security: Australia's Front Line,"Aug 20, 2023",152907,41198.3048,99,1498.092,0:16:09,983032,5.24
SgaSqQ6yz-M,What's Hiding Under Her Clothes? | Border Security: Australia's Front Line,"Jan 18, 2024",1572322,248386.1532,3418,11806.817,0:09:28,18108074,5.24
HzL_rQE-6SE,72 Hours Behind the Scenes of an Iraqi War ER Unit,"Dec 5, 2019",22575,5557.7514,99,15.219,0:14:46,308314,5.23
r7yMMdx27eA,Severe Weather Rescue | Coast Guard Alaska | Full Episode,"Jul 15, 2020",72873,22263.6019,107,894.984,0:18:19,900352,5.23
YzQfimwDUcc,Homecoming | Jim Shockey’s Hunting Adventures | Season 15 Episode 16 | Full,"Feb 28, 2022",1233,208.8256,4,11.715,0:10:09,14847,5.23
DtvHTNeim7k,Shot in the Back! | Coast Guard Alaska | Full Episode,"Jun 6, 2020",126952,31833.1755,245,,0:15:02,1438928,5.22
mDql6ayEAlk,"So-Called ""Tourist"" Uncovered | Border Security: Australia's Front Line","Sep 12, 2022",129964,34727.6349,86,1361.429,0:16:01,1015666,5.22
EXvKZjaVbtQ,Surviving the Christchurch Earthquake | Shocking Reminder Part 1,"Jan 4, 2019",4140,866.1452,10,5.405,0:12:33,39726,5.21
38QOAo7i-XU,Jim Shockey's Uncharted | The Best of Uncharted | Season 5 Episode 12 | Full Episode,"Aug 23, 2021",875,241.6237,0,,0:16:34,9697,5.21
7RHVFCeJfGg,Woman surprised that drugs are illegal ... Border Security Australia,"Sep 25, 2024",49291,23596.2152,25,848.532,0:28:43,575116,5.19
A-rkC0LaET0,Drugs Hidden in Fish? | Border Security Australia,"Sep 13, 2024",33294,8054.1792,14,346.47,0:14:30,380880,5.19
rv6_vIHrXJk,Deadly ATV Accident | Coast Guard Alaska | Full Episode,"Jul 20, 2020",28594,10445.2502,28,356.938,0:21:55,315838,5.19
LvzJkcxUT0o,Mountain Man Gunshot Wound | Sasquatch Mountain Man | Season 5 Episode 13,"Mar 14, 2022",2870,414.8283,10,22.104,0:08:40,24949,5.19
06X1qg1xBfc,Overdose at Customs? | Border Security: Australia's Front Line,"Jul 30, 2023",355204,85195.1564,721,3246.483,0:14:23,4163989,5.18
XH6mQuvKDOE,Tattoo Artist Planning to Work Illegally in Canada | Border Security: Canada's Front Line,"Jun 10, 2022",25107,6118.1795,17,248.324,0:14:37,263887,5.18
BZEEuLMpdqg,"Airport Drama: Suspicion, Secrets, and Smuggled Snacks | Border Security: Australia's Front Line","Oct 8, 2023",144369,35779.8606,99,1442.6,0:14:52,1294113,5.18
N6Ty4g9762E,Fire on Boat Rescue! | Coast Guard Florida | Full Episode,"Aug 12, 2020",52646,16867.4473,78,595.616,0:19:13,575426,5.17
JStVtNLLv1Q,"Traveler Caught With Sensitive Airplane Documents | ""Customs: Remastered"" 4k","Apr 19, 2023",9983,1893.3347,6,92.595,0:11:22,132019,5.17
Xiyoszy14yc,Big Bust Marathon - Four Episodes! - DangerTV - Border Security,"Sep 22, 2024",23475,12377.9527,7,279.668,0:31:38,171021,5.16
5rrRKO_KLE8,Past Convictions Catch Up | Border Security: Canada's Front Line,"Nov 30, 2022",41447,11078.9162,15,328.881,0:16:02,200675,5.16
vVHc-cIkyXU,Sea Cucumbers and Meth Markers | Border Security Australia,"Jun 10, 2024",63113,13418.938,37,618.032,0:12:45,818109,5.16
-kuZDZYB55c,So.Much.Food | Border Security Australia,"Jul 15, 2024",52760,9772.5717,31,509.935,0:11:06,726430,5.15
sYLCNU_0P0M,American Partiers Questioned | Border Security: Canada's Front Line,"Nov 11, 2022",47102,11539.0762,20,385.122,0:14:41,318671,5.15
LNzYAZ_oVDA,Outback Coroner | Death in the Desert | Season 1 Episode 2 | Full Episode,"Aug 13, 2021",5223,2021.5968,32,7.992,0:23:13,59160,5.15
TJv-fxaaawY,Puppy Contraband | Border Security: Canada's Front Line,"Nov 13, 2022",126911,29222.768,83,1131.869,0:13:48,1021582,5.15
XxiswB7usHI,Traveler's Secret Revealed by X-Ray | Border Security: Australia's Front Line,"Feb 8, 2024",356140,82425.7009,408,3686.154,0:13:53,3552900,5.14
yeLzSYPWoFs,Jim Shockey's Uncharted | Land of the Dragon | Season 3 Episode 2 | Full Episode,"Jun 20, 2021",1254,367.7685,1,17.159,0:17:35,14904,5.14
lKjqd_2T7Ww,Army Tribe - New Zealand Military | Intake - Season 1 - Episode 5 | Full Episode,"Oct 21, 2020",4515,631.882,10,17.691,0:08:23,59093,5.14
m3QSTADZnpI,Springsteen-Loving Drifter | Border Security: Australia's Front Line,"Oct 22, 2023",141401,37296.0641,52,1396.194,0:15:49,1170463,5.13
DKa6eL_SdwA,Fishing Through a Storm & Extreme Exhaustion | Hardliners - Australian TV Show | Full Episode,"May 7, 2018",333,67.5397,2,,0:12:10,3920,5.13
aA3jsUeSOzY,Backpacker Sets Off Drug Alarms | Border Security: Australia's Front Line,"Sep 15, 2023",208070,51774.3922,171,633.859,0:14:55,1764048,5.13
9f3tzhIHwDs,Sasquatch Mountain Man | Colorado Elk - Season 1 Episode 2 | Full Episode,"Oct 11, 2020",2660,415.624,9,,0:09:22,30766,5.12
U5hGDQ1tDrE,Fake Marriage for Passport? Border Security Australia,"Oct 1, 2024",29212,6611.3039,6,366.277,0:13:34,363326,5.11
SPyOvx9WzQc,The Chilean 33 - Full Length Documentary,"Mar 21, 2018",5422,769.4427,11,,0:08:30,53736,5.1
nN0nxejOzwM,Entry Denied - Border Security Australia,"Jul 25, 2024",127809,27252.234,101,1505.168,0:12:47,1445146,5.1
FQXLmnI8PAE,Customs Stop Preacher & Puppets | Border Security: Canada's Front Line,"Nov 7, 2022",17843,4409.4898,3,155.45,0:14:49,173081,5.1
fEiiidr5qTk,Bug Collector Conceals Live Cockroach | Border Security: Australia's Front Line,"May 9, 2024",117882,26153.1415,82,1171.46,0:13:18,1232171,5.1
jHVagMIGQ4o,Anniversary Trip Spoiled by Border Patrol | Border Security: Australia's Front Line,"Sep 3, 2023",203793,49670.9206,129,2305.947,0:14:37,1801721,5.09
im184ecy7ck,Japanese Murder! | Crime Shock Asia | Full Episode,"Dec 5, 2019",4804,281.2223,23,,0:03:30,72194,5.09
2RASEiHucIc,Illegal King Cobra Skin | Border Security: Australia's Front Line,"Aug 19, 2022",64515,16775.2063,28,686.359,0:15:36,536198,5.09
hqldIi7BF2w,Criminal Past Catches Up With Man at the Border | Border Security: Australia's Front Line,"Aug 13, 2023",102371,28803.4511,51,1014.022,0:16:52,610121,5.09
5lbfl-RIeew,Deer Hunting Chateau | Jim Shockey’s Hunting Adventures | Season 15 Episode 8 | Full,"Feb 6, 2022",851,118.157,1,7.117,0:08:19,8922,5.09
mhzD6nBsYlU,Bags Full of Illegal Drugs | Border Security: Australia's Front Line,"Jun 20, 2024",61783,12519.8035,37,634.737,0:12:09,857686,5.09
5x2goSm4DCA,Clubbing Pregnant Woman Goes into Labor at the Bar | Street Hospital | Full Episode,"Nov 12, 2018",2416,163.9492,3,7.961,0:04:04,22069,5.08
3wxglFQUnK4,Passengers Tiny Lies Get Them in Big Trouble - Border Security Canada,"Sep 28, 2024",30437,17575.0078,20,519.424,0:34:38,271376,5.08
RUyvueiKF5I,Friday's Big Border Busts - Border Security Australia,"Aug 2, 2024",49796,25017.5983,26,600.635,0:30:08,524015,5.08
Xuxu-Yf8mko,Sharks! | Oceanic Whitetip | Blue Water Savages | Full Episode,"Aug 23, 2020",2758,373.2961,18,,0:08:07,32477,5.07
ycJX4hajfUo,Behind the Scenes in Sin City with Mike Tyson! | Part 1,"Dec 4, 2019",174,28.9901,0,0.108,0:09:59,1323,5.06
uqG2BJ77blg,Border Agents Find Suspicious Packages | Nothing to Declare? | Border Patrol,"Dec 5, 2019",546861,123179.4416,484,3386.839,0:13:30,4198328,5.06
3xhun-kHF-s,Police Dog Investigates Railway Burglary | London K-9 Unit,"Dec 10, 2021",1715,589.9825,5,18.533,0:20:38,19164,5.06
wFu5_I6w7Fw,People Clinging for Life in the Ocean! | Coast Guard Florida | Full Episode,"Aug 22, 2020",119706,26697.4195,320,0,0:13:22,1046945,5.05
M0ZnxtKKCRs,Caribou Ranch | Jim Shockey’s Hunting Adventures | Season 15 Episode 18 | Full,"Mar 6, 2022",755,145.0769,0,8.873,0:11:31,8302,5.05
rEWjGaNRQMM,Passenger takes off running!,"May 22, 2024",9285,120.5013,5,1.972,0:00:46,45423,5.04
5hbqa7lrnBw,Suspicious Russian at the Border | Border Security: Canada's Front Line,"Apr 10, 2022",58396,14626.9697,36,543.744,0:15:01,413117,5.04
noT0NJBzwx4,Agents Make Discovery on American Tug | Border Security: Canada's Front Line,"May 15, 2022",27011,6726.4394,15,241.866,0:14:56,260205,5.04
6C-ENwtenGE,Border Patrol Agent Suspects Smuggling At Port of Dover | Customs | Locked Up Abroad,"Jul 24, 2019",8209,1612.5369,2,41.86,0:11:47,86202,5.04
IsZYBmagvlM,Gambler's Blues - Border Patrol on DangerTV | Border Security: Australia's Front Line,"Jun 25, 2024",83027,18883.414,55,751.966,0:13:38,935802,5.04
rHqsynNVxXc,Logging Accident Head Injury Rescue! | Coast Guard Alaska | Full Episode,"Aug 5, 2020",31454,12126.5724,22,,0:23:07,302108,5.04
VLkl5_Lal4g,More Than A Fashion Crime | Border Security: Australia's Front Line,"Feb 3, 2024",241366,57190.7521,165,2183.847,0:14:13,2093375,5.03
DSiWF8zn4aE,Access Denied - Border Security Australia shuts it down,"Jun 17, 2024",153125,34968.5456,179,1288.449,0:13:42,1719267,5.02
bPFpjpI-WnA,The Hidden Mother Load - DangerTV - Border Security Australia,"Sep 19, 2024",112177,23249.947,138,1393.068,0:12:26,1588665,5.01
I_oMW4XDbw8,Unprepared Hikers Require a Rescue | Coast Guard: Cape Disappointment,"Sep 11, 2020",17110,6620.6266,16,224.678,0:23:13,167076,5
yGyB_shMV_w,Border Security rips apart luggage and finds tons of bad stuff | Border Security: Australia's Front,"Jun 2, 2024",28559,5826.269,18,266.269,0:12:14,376857,5
MrYbN_roRAw,Man w/ Too Many Cigarettes Loses it on Customs | Border Security: Australia's Front Line,"Mar 19, 2023",155753,43312.9456,100,1453.996,0:16:41,1025080,5
y8EYRpANAZA,Hong Kong Traveler with a Checkered Past | Border Security: Australia's Front Line,"Sep 10, 2023",148619,39460.4526,86,1493.853,0:15:55,997067,4.99
B8NT0mfJJjM,Is she a real model? - Thursday Border Patrol Binge,"Oct 3, 2024",19179,8611.4718,-6,84.62,0:26:56,215431,4.98
GngoppGxT_o,Jim Shockey's Uncharted | Desperate Times | Season 2 Episode 12 | Full Episode,"Mar 19, 2021",2111,578.8756,1,31.056,0:16:27,25355,4.98
d3KizvjK3z0,Wedding Scouting Riddle | Border Security: Australia's Front Line,"Nov 3, 2023",288910,70570.4259,250,3412.446,0:14:39,3098696,4.98
e3DhwEwEW1Q,"Only an ""Occasional"" Drug Dealer | Border Security: Australia's Front Line","Mar 3, 2024",201455,48816.6293,156,1975.618,0:14:32,1969770,4.97
fYbFWXXt0VA,UK Customs Drug Sniffing Security Dogs | Border Patrol,"Dec 5, 2019",182933,42333.4574,143,1059.21,0:13:53,1647169,4.96
ijDdENTtDsY,Rock Singer Denied Entry - Border Security Australia,"Aug 9, 2024",64521,13897.8967,30,732.879,0:12:55,776366,4.96
8sSxoawArZM,Jim Shockey's Uncharted | Alaska - Whale Season Part 2  | Season 4 -  Episode 2 | Full Episode,"Jan 3, 2021",5858,2054.4232,21,107.172,0:21:02,71407,4.96
qq-ds0vNb24,$8k Fine For What?!?! | Border Security: Australia's Front Line,"Nov 5, 2023",317745,74995.3174,241,3536.494,0:14:09,3554769,4.96
bYlrpSvnDRc,Are They Smuggling People - Border Security Australia - DangerTV,"Sep 21, 2024",40282,8232.8752,12,378.3,0:12:15,468910,4.95
FpmWoXTfgBI,Sasquatch Mountain Man | Alaska Deer Part 1 - Season 1 Episode 9 | Full Episode,"Nov 15, 2020",1610,317.8587,0,,0:11:50,20320,4.95
ol_Wm1mX65M,Police Dogs Assist in Hostage Situation | London K-9 Unit,"Dec 1, 2021",3726,1372.0799,23,39.03,0:22:05,36740,4.95
NaxgiEwUwTc,Indian Traveler's Customs Oversight | Border Security: Australia's Front Line,"Apr 11, 2024",148208,41578.0442,86,1650.961,0:16:49,1086127,4.94
werg2eE_xsA,Undocumented Worker Raid | Border Security: Australia's Front Line,"Jun 25, 2023",100198,27423.1604,55,974.446,0:16:25,727540,4.94
JDE6OuYIS5g,Border Security stops One Million Dollars worth of tobacco #smuggling #concealment #borderforce,"Jan 24, 2024",35744,406.9422,24,4.36,0:00:40,180119,4.94
0P_TtGeWuIE,Booted from the Border - Border Security Australia,"Aug 7, 2024",52894,11899.3178,30,367.738,0:13:29,612005,4.94
di6WR40Ju4o,Border Agents Search For Hidden Drugs at Gatwick Airport | Customs,"Jul 29, 2019",462659,62240.0771,1131,1763.616,0:08:04,6116799,4.94
CMa-5jwa_xs,Disasters at Sea! | Desperate Hours | Full Episode,"May 25, 2020",2929,401.4339,7,,0:08:13,26981,4.94
9e9J3Nl37Jw,Searching for Bridge Jumper in Shark Infested Waters! | Coast Guard Florida | Full Episode,"Aug 28, 2020",26586,8357.4762,17,,0:18:51,294515,4.94
-KZjlRvH4Ds,Stranded for Days on a Boat | Coast Guard PNW - Cape Disappointment Pacific Northwest | Full Episode,"Sep 9, 2020",17818,6451.1814,5,204.552,0:21:43,181979,4.93
6DF-C0wosBs,Jim Shockey's Uncharted | Hand of the Lion | Season 5 Episode 10 | Full Episode,"Aug 21, 2021",2657,763.6026,2,,0:17:14,36023,4.93
CLsjQiY7Do4,Wolf Pack | Predator Pets | Season 1 Episode 6 | Full Episode,"Dec 24, 2021",1037,336.1373,6,14.793,0:19:26,13570,4.93
T756YIG8Arw,Stake Out! | NightGuard Security Season 1 Episode 9 | Full Episode,"Dec 2, 2020",48588,18348.5828,119,,0:22:39,335861,4.93
_80IM_si-dQ,Jim Shockey's Uncharted | African Game Hunting | Season 3 Episode 6 | Full Episode,"Jul 2, 2021",2505,841.8053,1,35.66,0:20:09,31749,4.93
khh3ASFTzE4,Bighorn Sheep | Jim Shockey’s Hunting Adventures | Season 15 Episode 19 | Full,"Mar 9, 2022",664,121.7141,0,6.382,0:10:59,6633,4.91
XoTubuB1UmY,A Different Kind of Hunt | Jim Shockey’s Hunting Adventures | Season 14 Episode 6,"Jan 13, 2023",842,121.1278,1,6.868,0:08:37,10296,4.91
eRi9m0xfuTs,Border Security Agents Fight Smugglers | Border Patrol,"Aug 2, 2019",438981,88274.4822,456,1657.57,0:12:03,4778610,4.91
smgEwYvdopQ,Busted for Cream Cheese? Border Security Canada,"Sep 27, 2024",40708,23763.2352,15,769.934,0:35:01,347762,4.91
gMTT_dY6NDM,US Airman Smuggles Heroin | Border Security: Australia's Front Line,"Jul 30, 2022",559361,99077.7661,697,5654.431,0:10:37,7823773,4.91
WrDgTzr7jUU,Tuskers | Predator Pets | Season 1 Episode 9 | Full Episode,"Jan 5, 2022",990,282.4094,2,13.409,0:17:06,13282,4.9
50fiACRsCVw,Beetles and Butterflies | Border Security: Canada's Front Line,"Dec 5, 2022",46368,12029.9638,16,366.102,0:15:34,265551,4.9
jhWgwfbDLq4,Kiwi With a Checkered Past | Border Security: Australia's Front Line,"Sep 20, 2023",64005,17164.9495,27,340.464,0:16:05,460678,4.89
KMaFCa4On1g,Sleepwalkers Who Kill! | True Crime | Full Length Documentary,"Nov 7, 2019",2022,342.5968,7,0.764,0:10:09,10198,4.89
1vslHeHn-XY,Broke American Tries to Enter Australia | Border Security: Australia's Front Line,"Aug 10, 2022",73823,19929.765,42,710.124,0:16:11,612447,4.89
pUgvgIaxFQQ,UK Border Agents Searching For Illegal Immigrants At the Border | Border Force,"Jun 28, 2019",6515,2075.5224,1,32.246,0:19:06,60787,4.89
zFTHooXUSHA,Hunt For Mass Shooting Gunman | Miami SWAT,"May 22, 2023",16161,4765.5742,56,214.646,0:17:41,223385,4.88
SuaHfPUatjE,Get Onboard | Hardliners - Australian TV Show | Full Episode,"Mar 21, 2018",459,87.1479,1,4.433,0:11:23,4876,4.88
XsljsJOLJ5s,Vehicle Identification VIN Number #auto #landrover,"Jan 15, 2023",1413250,20536.2866,1623,218.895,0:00:52,310699,4.88
AU4QED3wreA,Cambodian Travels With Multiple IDs | Border Security: Australia's Front Line,"Feb 26, 2023",181438,45943.2169,129,2019.107,0:15:11,1503451,4.88
L3b6qda1aR0,Sydney Police Night Raid | The Force: Behind the Line,"Aug 12, 2022",197,29.7234,0,1.758,0:09:03,1850,4.86
ii7XbVuswkU,New Recruits - New Zealand Military | Intake - Season 1 - Episode 4 | Full Episode,"Oct 10, 2020",4092,635.4717,3,16.694,0:09:19,55711,4.86
TWLyBufV8fg,Border Agents Fight Against Smugglers | UK Border Patrol,"Nov 7, 2019",231935,55035.1608,154,860.498,0:14:14,2021297,4.86
k8ufoKBPOOg,Coast Guard Swimmer Rescue! | Coast Guard PNW - Cape Disappointment Pacific Northwest | Full Episode,"Sep 7, 2020",22949,7953.9699,26,285.557,0:20:47,243196,4.86
0IIIwVp8uLw,Jim Shockey's Uncharted: Yukon | Northward Bound | Full Episode,"Sep 26, 2020",6427,1895.6443,11,100.206,0:17:41,75241,4.86
5y52u91j50M,A Strange Traveler Search | Border Security: Australia's Front Line,"Oct 1, 2023",445296,106576.3269,360,5386.348,0:14:21,3660990,4.85
GcZSCris3CM,UK Border Force | Interpol Suspects! | Season 2 Episode 8 - Full Episode,"Apr 18, 2021",63937,27996.4259,38,687.839,0:26:16,323055,4.85
mRddV43cr9I,Half Million Volt Workers Risk their Lives Everyday! | Danger Men,"Apr 16, 2018",262,48.2858,2,2.884,0:11:03,3136,4.85
W4ic_7zmsSs,Fastest Bike in the World! | Breaking the Land Speed Record! | ACK ATTACK | Full Length Documentary,"Nov 7, 2019",102116,19233.3769,150,0.044,0:11:18,1103180,4.85
CMGVexmVDyQ,Cancelled Visa | Border Security: Australia's Front Line,"Dec 14, 2023",283547,74789.5107,169,1445.103,0:15:49,1872465,4.84
0AQUHiBoAI8,Final Haul of the Season | Hardliners - Australian TV Show | Full Episode,"Jun 18, 2018",276,52.2285,1,,0:11:21,3615,4.84
9YpsIXL0W2o,Emergency Rescue! | Back Country Rescue | Tetons Search & Rescue | Full Episode,"Jun 5, 2020",4453,601.6156,33,33.969,0:08:06,62327,4.84
U8VBeExH2B4,Cocaine Packed Pills | Border Security: Australia's Front Line,"Mar 24, 2024",318537,74575.5721,403,3475.469,0:14:02,4120425,4.84
7WCf9RY5BMY,Would You Go Running with the Bulls? | Day 2 | Full Run 2022,"Jul 10, 2022",4694,135.8017,5,10.017,0:01:44,55673,4.84
78MvYGgwpAQ,Time Trial One | Celebrity Car Wars | Season 2 Episode 3,,11,2.3022,0,0.031,0:12:33,207,4.83
XHhyRMoU7rM,Jim Shockey's Uncharted | The Best of Uncharted | Season 4 -  Episode 12 | Full Episode,"Jan 18, 2021",991,344.8714,1,17.475,0:20:52,10579,4.83
6Vi5SOiHHfo,Bullets and Bayonets | Raw Recruits | Season 2 Episode 4,"Jul 29, 2022",1113,335.3239,4,8.948,0:18:04,13816,4.83
Md8jV2-DB8c,Police Patrol the Border | Police Patrol Series! | Full Episode,"Jun 19, 2020",125344,41639.6988,376,1104.246,0:19:55,1179727,4.82
skHFSs9fnIg,Trying to Save a Man Who's Armed and Barricaded | Miami SWAT,"Jun 26, 2023",11854,3494.8818,50,163.219,0:17:41,169022,4.81
NQkraY28STs,Wrestler's Visa Woes Down Under | Border Security: Australia's Front Line,"Oct 11, 2023",123650,32482.1767,64,1328.73,0:15:45,978402,4.81
d6HhB3McESM,Drunken Partying in the Streets of Wellington! | Street Hospital | Full Episode,"Nov 7, 2019",359,47.6133,1,,0:07:57,4725,4.8
Qns3jxQBBuc,Merry Bust-Mas! - Border Security Australia - DangerTV,"Sep 16, 2024",37105,25930.9353,15,677.234,0:41:55,319603,4.8
AGmFEAnM86Q,Socialite's Sanctuary | Predator Pets | Season 1 Episode 10 | Full Episode,"Jan 8, 2022",1127,279.3233,6,16.627,0:14:52,15077,4.8
lcrsik-CkMM,It's like medicinal man ... Border Security Australia,"Sep 23, 2024",19873,10565.8076,4,337.222,0:31:53,238979,4.8
N2AJkqKfyZA,Jim Shockey's Uncharted: Yukon | Family | Full Episode,"Sep 13, 2020",7575,2404.4052,5,121.279,0:19:02,90598,4.79
ianrNHiwm9A,Internet Romance Meet-Up: American's Suspicious Visit | Border Security: Australia's Front Line,"Apr 21, 2024",96319,23964.6386,60,909.081,0:14:55,968544,4.79
KNDqPl1GMYU,Jim Shockey's Uncharted | Origins | Season 5 Episode 5 | Full Episode,"Aug 11, 2021",777,254.075,0,,0:19:37,10152,4.79
GwbhhmDqCn4,Helicopter Wars | White Out | Season 1 Episode 3 | Full Episode,"Mar 20, 2021",5873,1131.0607,18,,0:11:33,76329,4.79
FDGaXm9UWpc,Hunting Undocumented Workers | Border Security: Australia's Front Line,"Jun 11, 2023",41224,12162.3574,23,414.578,0:17:42,307200,4.79
AtyqakRtnJk,Machine Gun Smuggled Illegally in Pieces | Border Security: Canada's Front Line,"Mar 28, 2022",41254,9659.8805,17,334.948,0:14:02,449829,4.78
RS7s6Wgp-OY,Endless Drug Paraphernalia - Border Security Australia,"Sep 25, 2024",65279,12734.7269,51,676.34,0:11:42,999676,4.78
FnTjZwYHnQ8,Revelation of a Dark Past | Border Security: Australia's Front Line,"Nov 23, 2023",319699,82889.5282,220,3881.949,0:15:33,2944868,4.78
CblXNfHD6VI,Agents Escalate Search After Meth Pipe Discovery | Border Security: Canada's Front Line,"Apr 3, 2022",31664,7879.8584,13,290.823,0:14:55,324475,4.77
tOGwvWjzKys,Carter's W.A.R.| Wild Animal Response | No Win Scenario - Crocodile Killers! | Full Episode,"May 16, 2020",82,23.0655,1,,0:16:52,1278,4.77
mK248hO1SrQ,Hunting for Smugglers At The Dover Border | Border Patrol,"Jul 17, 2019",2491,541.9502,2,22.259,0:13:03,24549,4.76
ZC5k2cnzdag,Lost at Sea! | Coast Guard Alaska | Full Episode,"Jun 6, 2020",180379,57102.0065,487,1743.452,0:18:59,1953279,4.75
jg_pn9JkHRI,Border Security Agents Fight a Constant Battle Against Smugglers | Border Patrol,"Nov 7, 2019",293785,64000.9873,237,1142.329,0:13:04,2764938,4.75
utr0DUySIQw,Brisbane Airport Evacuation | Border Security: Australia's Front Line,"Oct 20, 2023",304952,73680.6911,241,3985.927,0:14:29,3015073,4.74
VmYljE2Hh8g,Thai Heroin Smugglers | Border Security: Australia's Front Line,"Sep 2, 2022",785327,128109.3046,1121,6001.131,0:09:47,10334857,4.74
vOcHKgYSIws,Banned for Bringing Food - Border Security Australia - DangerTV,"Sep 18, 2024",26521,16912.4037,-1,475.855,0:38:15,220122,4.74
M5rtTY-0c-8,Outback Rangers | Search and Rescue | Season 1 Episode 10 | Full Episode,"Jun 18, 2021",1965,359.2245,10,20.628,0:10:58,23210,4.74
305N9qwNxgY,"Yeah, We Test for That - Border Security Australia","Sep 15, 2024",41798,9695.9507,19,424.496,0:13:55,467553,4.74
ukf3KNmw74U,Survivors Rebuild After the Christchurch Earthquake | Shocking Reminder Part 2,"Jan 7, 2019",1286,415.8555,0,9.949,0:19:24,13533,4.74
lsC15uTef-s,Border Security wants to radiate religious artifact #airportlife #bordersecurityaustralia,"May 6, 2024",13907,180.6207,28,2.933,0:00:46,42531,4.73
yr7Zb04GGZg,Can You Fly With Fireworks? | Border Security: Australia's Front Line,"Apr 30, 2023",144343,41724.091,69,1614.04,0:17:20,1031785,4.73
dnbQRBblUiM,Hell On Hooves S04E07,"Nov 7, 2019",178,36.2467,0,,0:12:13,2664,4.73
ZDyrwM7ai7o,Passengers Go Pill Crazy - Border Security Australia,"May 21, 2024",151372,24781.4236,161,639.347,0:09:49,2018512,4.73
-X0X2hIYB1Q,Sasquatch Mountain Man | Best Hunts of the Series - Season 1 Episode 13 Finale | Full Episode,"Nov 29, 2020",1476,271.0777,1,,0:11:01,17582,4.73
Hebyl-01PlA,Panic at the Customs Office | Border Security: Canada's Front Line,"Dec 11, 2022",168140,32394.2361,213,1624.11,0:11:33,2424186,4.72
zc2fxATFLa8,Border Patrol tears apart makeup looking for drugs #smuggling #borderforce,"May 17, 2024",8530,111.5513,19,1.82,0:00:47,48783,4.71
NtNCKL-nVFk,Border Security Marathon - Arrests Everywhere,"Sep 10, 2024",45064,30210.9389,22,874.96,0:40:13,365276,4.71
IkfnjVBm5Aw,Music Festival Mayhem! | Street Hospital | Season 2 Finale - Episode 10 | Full Episode,"Nov 20, 2020",297,53.1935,0,0.254,0:10:44,4116,4.71
owhFtBkGtC8,Border Security Finds Big Game | Border Security: Australia's Front Line,"Apr 18, 2024",72130,20080.3735,24,707.594,0:16:42,660006,4.71
Kp_xbOPKlqg,Traveling With Fake Passports | Border Security: Australia's Front Line,"Oct 6, 2023",424597,92481.23,627,5028.092,0:13:04,4966467,4.71
FbEAQelG6Hk,Dog Rescue at Sea! | Coast Guard PNW - Cape Disappointment Pacific Northwest | Full Episode,"Sep 5, 2020",20514,7562.0959,13,251.127,0:22:07,203164,4.7
qu43-sORxpA,Emergency Rescue! | Coast Guard Alaska | Full Episode,"Jul 25, 2020",33684,12281.5771,33,418.902,0:21:52,363734,4.69
hoJySX8y6LI,European Bison | Jim Shockey’s Hunting Adventures | Season 15 Episode 11 | Full,"Feb 14, 2022",370,69.8523,1,3.923,0:11:19,4266,4.69
Ptp7zG8ZzDg,Border Agents Break out Machine Guns | Border Security: Australia's Front Line,"Aug 29, 2022",23376,6001.457,10,192.687,0:15:24,192127,4.68
VTLhblL9KnU,What's in the Rug? - Border Security Australia,"Oct 7, 2024",26160,6145.8395,18,293.694,0:14:05,373932,4.68
EIdAdVF94P8,Toilet Trouble | NightGuard Security Season 1 Episode 6 | Full Episode,"Nov 21, 2020",29681,9958.5033,94,,0:20:07,293119,4.68
1EZoA29fs2g,Rescue Mission | Hardliners - Australian TV Show | Full Episode,"May 21, 2018",241,45.7175,0,,0:11:22,3061,4.67
N-sOcJHc9JA,Carter's W.A.R.| Wild Animal Response | Rhino Wars | Full Episode,"May 16, 2020",143,28.5026,2,,0:11:57,1885,4.67
v4EsxIsiIGM,Busted for Cigarettes - Border Security Australia,"Jul 23, 2024",68227,14562.9611,51,701.625,0:12:48,934104,4.66
AXO6vVqSYe8,Texas Jeff | Border Security: Australia's Front Line,"Jul 22, 2022",50983,14673.4647,20,501.959,0:17:16,384038,4.66
hvtdWXvAUkE,Relentless | Jim Shockey’s Hunting Adventures | Season 14 Episode 3,"Jan 4, 2023",1163,221.2069,0,,0:11:24,13599,4.65
BeY2Li2nJf8,Search Dog Helps the Coast Guard find a Missing Girl! | Coast Guard Alaska | Full Episode,"Jun 27, 2020",67780,22402.0219,97,617.196,0:19:49,808759,4.65
pB8WG029sAE,Border Patrol tears apart RV looking for illicit crumbs #borderpatrol #bordersecuritycanada,"Apr 16, 2024",22364,277.9442,13,4.715,0:00:44,75435,4.65
vcjrgMbmAz4,Seconds to Save Sinking Ship! | Coast Guard Florida | Full Episode,"Aug 21, 2020",48982,15373.6734,103,,0:18:49,520058,4.64
Ifg9tJ4L_NM,Sasquatch Mountain Man | Texas Aoudad - Season 1 Episode 8 | Full Episode,"Nov 13, 2020",1170,207.4649,4,,0:10:38,14857,4.64
hnwDEfbRhfc,Cash Stash | Border Security: Australia's Front Line,"Aug 1, 2022",81960,22422.4254,41,798.926,0:16:24,609544,4.64
wJzW85rKvEM,Race to the Volcano | Celebrity Car Wars | Season 2 Episode 5,,9,1.4196,0,0.02,0:09:27,194,4.64
vhlkGkPRmmI,UK Border Force Customs Agents Find Human Traffickers | Border Patrol,"Dec 5, 2019",460424,175622.1413,433,3949.815,0:22:53,2904761,4.63
3T0WYuurJrg,Sasquatch Mountain Man | Alaska Deer Part 2 - Season 1 Episode 11 | Full Episode,"Nov 22, 2020",1175,247.5564,5,,0:12:38,13569,4.62
U_28iAfZg4Y,Animal Menageries | Predator Pets | Season 1 Episode 3 | Full Episode,"Dec 15, 2021",989,296.0804,5,14.747,0:17:57,13163,4.62
pN0-pkRJuw8,Counterfeit Passport | Border Security: Australia's Front Line,"Jun 18, 2022",25335,4579.5897,54,241.38,0:10:50,183180,4.62
QWhoED-15TE,Trauma Hoist Rescue! | Coast Guard Alaska | Full Episode,"Jul 22, 2020",26466,10387.741,18,320.206,0:23:32,255629,4.62
r5-FTSS9Qj8,Customs Discovers Suitcase Full of Marijuana | Border Security: Canada's Front Line,"May 4, 2022",283031,51523.6883,384,2319.059,0:10:55,4493020,4.61
WLoFep1wljM,Jim Shockey's Uncharted | The Climb | Season 2 Episode 10 | Full Episode,"Mar 15, 2021",1526,523.5427,3,,0:20:35,19505,4.6
MSvWThYjSJU,Irishman's Luck Runs Out  | Border Security: Australia's Front Line,"May 7, 2023",230994,66290.5067,185,2696.199,0:17:13,1537620,4.59
cCi3i-4wXzw,Jim Shockey's Uncharted | Siberian Brown Bear | Season 4 -  Episode 8 | Full Episode,"Jan 11, 2021",4496,1653.7618,13,82.271,0:22:04,53961,4.59
JNQu6IEHrhc,Saving Sailors in the Water | Coast Guard PNW - Cape Disappointment Pacific Northwest | Full Episode,"Sep 4, 2020",39003,13476.7577,56,467.15,0:20:43,430587,4.59
Showing top 500 results,,,,,,,,,