Date,Views,Watch time (hours),Average view duration,Estimated revenue (USD),Video title,Video publish time,Duration,Video views,Watch time (hours)
11/26/24,171037,51015.5181,0:17:53,1769.498,Big Bird Nest Business,12-Dec-23,49,8676388,105342.6384
11/25/24,176898,53665.4238,0:18:12,1702.493,Border Security breaks open phones looking for narcotics #borderforce,27-Apr-24,51,5906691,75336.5392
11/24/24,179004,55042.6822,0:18:26,1696.241,Border Force cuts open childhood Teddy Bear #airportsecurity #bordersecurity #teddybear,10-Jan-24,46,3849925,47380.6033
11/23/24,162381,49839.838,0:18:24,1580.749,What's in the Pot?,17-Jul-23,44,2949855,30311.6721
11/22/24,161343,49889.6758,0:18:33,1765.839,"Unfiltered: Mike Tyson's Life, Mistakes, Redemption: See it before Mike Tyson vs Jake Paul",12-Nov-23,5175,1850564,1054520.397
11/21/24,145179,45654.7311,0:18:52,1627.958,UK Customs Agents Bust Criminals | Customs,7-Nov-19,1388,1797880,291888.0484
11/20/24,135599,40106.2832,0:17:44,1423.622,Sent home by border control #airportsecurity #travel #girlfriend #goinghome,25-Feb-23,42,1714935,19392.0024
11/19/24,162843,47131.5368,0:17:21,1738.846,What's Hiding Under Her Clothes? | Border Security: Australia's Front Line,18-Jan-24,1328,1631533,255273.6689
11/18/24,160242,48032.6881,0:17:59,1716.261,What happens if your luggage tests positive for illegal substances at the airport? #airportlife,7-Mar-24,54,1522125,20887.6137
11/17/24,176726,52705.8001,0:17:53,1749.097,UK Border Force | Family Business of Illegals! | Season 2 Finale Episode 10 - Full Episode,21-Apr-21,2696,1115817,306550.3891
11/16/24,182631,57539.7738,0:18:54,2013.325,Granny's $250K Heroin Haul | Border Security: Australia's Front Line,28-Dec-23,1331,1101731,239970.5773
11/15/24,225959,74349.3846,0:19:44,2989.79,Customs Officials Fight off Nasty Smugglers! | Customs,4-Dec-19,1381,1062908,176594.8809
11/14/24,173018,56395.9355,0:19:33,1923.023,UK Border Agents at War | Border Patrol,7-Nov-19,1387,1004921,184802.6344
11/13/24,150912,45897.2,0:18:14,1471.448,UK Border Patrol Agents Arrest a Drunk & Catch a Smuggler | Locked up Abroad,7-Nov-19,1383,860157,171764.7665
11/12/24,158149,44272.471,0:16:47,1491.109,Woman Gives Customs a Hard Time | Border Security Australia,5-Mar-23,1373,839545,173585.1258
11/11/24,154486,43894.5662,0:17:02,1367.082,Man questioned at border after visit to casino #bordersecurity #borderpatrol #cops,5-May-23,60,745118,10878.3365
11/10/24,136119,40881.4055,0:18:01,1142.462,Mayday Ship Sinking! | Coast Guard Alaska | Full Episode,13-Jun-20,2554,739257,182027.4599
11/9/24,136607,40606.6024,0:17:50,1103.845,Border Patrol tears apart American's truck looking for rifle #borderpatrolÊ #canada,11-Apr-24,50,731864,9459.3572
11/8/24,133740,39278.1196,0:17:37,1229.707,Thai Heroin Smugglers | Border Security: Australia's Front Line,2-Sep-22,1330,714929,116427.5773
11/7/24,136986,39705.9958,0:17:23,1173.276,Uncovering History's Largest Cruise Ship Wreck | The Salvage Masters,14-Apr-23,2665,690449,97631.0388
11/6/24,127882,36161.0155,0:16:57,998.697,Border Security Australia Marathon - Six Episodes of Wild Passengers,10-Jun-24,7892,683284,616240.8773
11/5/24,124505,35519.5383,0:17:07,1250.054,UK Border Patrol Agency Plays Cat & Mouse with Smugglers! | Locked Up Abroad | Borders,4-Dec-19,2656,669513,219853.0073
11/4/24,144442,41130.1143,0:17:05,1794.905,UK Customs Agents Search for Drugs! | Border Patrol!,7-Nov-19,1379,663941,148811.7199
11/3/24,150863,45200.5443,0:17:58,2007.301,UK Customs Agents Bust a Drug Smuggler! | Border Patrol,7-Nov-19,1382,639107,117494.4138
11/2/24,127143,38447.5352,0:18:08,1745.227,UK Border Agency at War | Border Patrol,7-Nov-19,1388,637007,131477.5754
11/1/24,149949,45058.6182,0:18:01,2190.328,Border Agents Find Suspicious Packages | Nothing to Declare? | Border Patrol,5-Dec-19,1379,635376,144371.3905
10/31/24,121419,38867.5631,0:19:12,1985.888,'Body Packer' Loses It | Border Security: Australia's Front Line,25-Jan-24,1320,599775,118187.7702
10/30/24,123197,38947.2894,0:18:58,1914.952,Drug Mule or High-End Escort? | Border Security: Australia's Front Line,18-Oct-23,1330,576216,99365.0178
10/29/24,121606,39063.7535,0:19:16,1871.023,Biggest Pill Bust Ever - Border Security Australia,2-Aug-24,1385,552975,96213.3758
10/28/24,120734,38214.7775,0:18:59,1747.861,UK Border Guard Checks Student Visa For Possible Breach | Border Patrol,21-Jun-19,2615,552746,197811.4959
10/27/24,127769,43214.3215,0:20:17,1768.576,Australian Border Security tears apart woman's groceries,19-Mar-24,53,538283,6783.0015
10/26/24,130593,43803.6624,0:20:07,1768.642,UK Border Security Agents Bust a Grandma | Customs,7-Nov-19,1380,524614,94809.3752
10/25/24,126114,40913.6194,0:19:27,1782.794,Indian Family's Travel Dilemma | Border Security: Australia's Front Line,11-Jan-24,1326,520888,110486.3431
10/24/24,118669,37411.258,0:18:54,1673.328,US Airman Smuggles Heroin | Border Security: Australia's Front Line,30-Jul-22,1345,518822,90979.441
10/23/24,129480,41627.2751,0:19:17,1780.249,Border Security: Australia Live Stream Marathon!,13-May-24,12866,497356,760013.7112
10/22/24,143248,47666.8589,0:19:57,2004.278,"Guess Who's Smuggling Hash Brownies? | ""Customs: Remastered"" 4k",21-Jun-23,1382,494330,97864.1439
10/21/24,121365,39502.946,0:19:31,1544.313,Border Security Agents Fight Smugglers | Border Patrol,2-Aug-19,1380,483704,99007.0357
10/20/24,114162,36561.4199,0:19:12,1417.194,Busted Live - DangerTV Border Security Marathon,24-Jun-24,8335,470371,401665.6715
10/19/24,109669,36118.3053,0:19:45,1418.558,"Devastating Joplin, Missouri Tornado - May 22, 2011 & Aftermath | Full Documentary",27-Sep-20,2652,468810,53641.1692
10/18/24,121236,38867.1713,0:19:14,1665.479,UK Border Patrol Force Customs Agents Capture Illegal Drugs | Locked Up Abroad | Borders,7-Nov-19,2662,460875,172851.1014
10/17/24,136526,42982.9919,0:18:53,1763.402,Why is Passenger Flustered? | Border Security: Australia's Front Line,30-Dec-23,1321,457934,109850.7664
10/16/24,120799,40066.5882,0:19:54,1555.782,Matadors get Gored by Bulls | Spanish Bull Fighting Legends!,7-Nov-19,347,455680,18113.0752
10/15/24,116753,37372.518,0:19:12,1358.414,UK Border Patrol Investigates Potential Pakistan Illegal Immigrant | UK Border Force,19-Jun-19,2667,433854,152975.0342
10/14/24,130082,41843.5472,0:19:18,1308.749,UK Border Force Customs Agents Find Human Traffickers | Border Patrol,5-Dec-19,2653,395069,150759.4715
10/13/24,138218,43905.0702,0:19:03,1391.999,Drug Sniffing Dog Hits Jackpot | Border Security: Canada's Front Line,23-Mar-22,1311,394797,65768.5849
10/12/24,124091,39211.7974,0:18:57,1343.262,A Strange Traveler Search | Border Security: Australia's Front Line,1-Oct-23,1395,387296,92812.895
10/11/24,131979,43051.9427,0:19:34,1475.013,Bringing $400k Through Customs | Border Security: Canada's Front Line,23-Oct-22,1301,386398,69102.0755
10/10/24,127742,39506.457,0:18:33,1304.248,Border Security tears apart shocking items #smuggling #shocks,23-Apr-24,47,379767,4152.0936
10/9/24,120089,36175.989,0:18:04,1263.315,Meth Smuggled in Phone Chargers | Border Security: Australia's Front Line,10-Mar-24,1341,377766,79989.916
10/8/24,140838,43921.3462,0:18:42,1499.146,Traveler's Secret Revealed by X-Ray | Border Security: Australia's Front Line,8-Feb-24,1318,369382,85538.1436
10/7/24,167131,52061.5615,0:18:41,1782.909,Model Smuggling Cocaine? | Border Security: Australia's Front Line,7-Sep-22,1325,357662,73166.6885
10/6/24,156131,50450.1681,0:19:23,1579.124,Border Agents Search For Hidden Drugs at Gatwick Airport | Customs,29-Jul-19,1379,356718,49554.6049
10/5/24,137489,45635.3025,0:19:54,1438.629,They Seized His Gold and Money for ... reasons,27-Dec-23,33,352856,3072.6385
10/4/24,135664,45661.5621,0:20:11,1494.209,Hidden Ingredients | Border Security: Australia's Front Line,15-Feb-24,1337,352482,86630.4859
10/3/24,144261,49696.7081,0:20:40,1584.252,Border Security Agents Fight a Constant Battle Against Smugglers | Border Patrol,7-Nov-19,1381,350168,77292.2648
10/2/24,141168,49216.6592,0:20:55,1515.039,Cocaine Packed Pills | Border Security: Australia's Front Line,24-Mar-24,1441,348583,82214.5864
10/1/24,141128,49808.317,0:21:10,1490.388,Tourist's Big Mistake | Border Security: Australia's Front Line,4-Jan-24,1331,336952,87008.0027
9/30/24,158736,59224.2006,0:22:23,1783.498,Not so smart smuggling concealment,5-Dec-23,46,332773,3876.4152
9/29/24,168051,61482.581,0:21:57,1858.27,"Positive Drug Tests: Heroin, LSD | Border Security: Australia's Front Line",16-Nov-23,1406,328198,81469.7826
9/28/24,157377,60652.5425,0:23:07,1866.329,Serial Drug Offender | Border Security: Australia's Front Line,28-Mar-24,1330,327798,70612.6863
9/27/24,166569,66914.4716,0:24:06,2124.633,Dr's Wife Swoons Under Questioning | Border Security: Australia's Front Line,27-Jan-24,1328,322810,63390.6426
9/26/24,165242,62370.8284,0:22:38,2058.205,Searching for a Killer on Parole | Manhunt: Catch Me If You Can | Season 1 Episode 3,11-Apr-22,2696,311336,95989.1492
9/25/24,180608,66081.7541,0:21:57,2277.154,Overdose at Customs? | Border Security: Australia's Front Line,30-Jul-23,1361,310545,74025.0395
9/24/24,164942,63042.4435,0:22:55,1982.812,Transgender Traveler's Illegal Work Intentions | Border Security: Australia's Front Line,1-Feb-24,1330,308960,67227.3068
9/23/24,168135,62651.9639,0:22:21,1995.191,Cancelled Visa | Border Security: Australia's Front Line,14-Dec-23,1356,307110,81287.5532
9/22/24,185621,72360.1827,0:23:23,2093.019,Attempting to Bribe a Customs Officer? | Border Security: Australia's Front Line,6-Jan-24,1336,302648,69219.1135
9/21/24,174791,66694.6321,0:22:53,1970.398,Alive in the Andes | Trapped,21-Mar-18,3001,298430,56070.7071
9/20/24,173993,64189.7999,0:22:08,2033.062,Traveler Casts Spell on Officers | Border Security: Australia's Front Line,20-Jan-24,1385,296584,64480.6099
9/19/24,195355,69616.2396,0:21:22,2450.057,Gang Territory | NightGuard Security Season 1 Episode 12 | Full Episode,16-Dec-20,2748,296443,84674.0517
9/18/24,156748,57081.4581,0:21:50,1861.495,Oh Canada Live Stream! Border Security Canada Starts Now!,26-Jun-24,6414,292194,223962.0413
9/17/24,192080,68249.9821,0:21:19,2233.869,Package Discovery Prompts Emergency Phone Call | Border Security: Australia's Front Line,14-Apr-24,1291,284705,63826.8173
9/16/24,176007,67937.9416,0:23:09,2049.42,Hot Pursuit | NightGuard Security Season 1 Episode 5 | Full Episode,16-Nov-20,2584,277629,58865.2579
9/15/24,186216,66885.5022,0:21:33,1861.432,Revelation of a Dark Past | Border Security: Australia's Front Line,23-Nov-23,1376,277147,72038.8077
9/14/24,164041,63364.6055,0:23:10,1703.765,Border Agents Fight Against Smugglers | UK Border Patrol,7-Nov-19,1389,274018,66326.4902
9/13/24,157359,50516.828,0:19:15,1540.591,Israeli Woman's Bag Tests Positive for Heroin | Border Security: Australia's Front Line,17-Sep-23,1346,267547,60656.6234
9/12/24,157730,49637.9534,0:18:52,1527.369,Traveling With Fake Passports | Border Security: Australia's Front Line,6-Oct-23,1336,265311,60694.5706
9/11/24,161352,50946.6668,0:18:56,1432.885,Man Overdoses While Trying to Hide Drugs From Customs | Border Security: Canada's Front Line,12-Jun-22,1301,259479,48421.6217
9/10/24,190904,64640.9254,0:20:18,1805.199,More Than A Fashion Crime | Border Security: Australia's Front Line,3-Feb-24,1302,259032,61580.0661
9/9/24,188952,62810.8296,0:19:56,1661.603,Refusing a Frisk Search at the Border | Border Security: Australia's Front Line,26-Feb-23,1278,258380,41165.3216
9/8/24,192975,60295.9454,0:18:44,1491.1,Border Security tears apart delicious fruit looking for illegal substances #bordersecurity,5-Apr-24,58,255545,3398.2531
9/7/24,183051,55816.903,0:18:17,1394.765,Smuggling Scheme Unraveled | Border Security: Australia's Front Line,15-Oct-23,1316,252053,59109.5425
9/6/24,164559,49290.8609,0:17:58,1376.977,Friday's Big Border No No's - Border Security Australia,26-Jul-24,7059,248280,156026.1046
9/5/24,169079,50070.0486,0:17:46,1363.915,Romanian Extradition Warrant | Border Security: Australia's Front Line,27-Oct-23,1321,248066,52970.038
9/4/24,146055,44113.0749,0:18:07,1120.044,Drug Smuggling Team | Border Security: Australia's Front Line,10-Oct-22,1325,238965,52332.8181
9/3/24,154763,44103.678,0:17:05,1131.248,$8k Fine For What?!?! | Border Security: Australia's Front Line,5-Nov-23,1321,233724,55213.5708
9/2/24,152229,42077.4274,0:16:35,958.826,Refusing a Search at Customs | Border Security: Australia's Front Line,28-May-23,1456,232267,51450.7835
9/1/24,155353,42973.809,0:16:35,1007.686,UK Couple Fails to Declare | Border Security: Australia's Front Line,17-Feb-24,1275,228893,49634.6335
8/31/24,170522,45360.308,0:15:57,1168.399,UK Border Patrol Security Customs Agents Defending the Border | Locked Up Abroad,7-Nov-19,1380,224055,53855.026
8/30/24,142786,39001.8311,0:16:23,1072.626,Banned by Border Patrol - Border Security Binge Starts Now,18-Jun-24,8092,223000,201775.4325
8/29/24,180260,45394.0616,0:15:06,1312.557,Rookie Drug Dog Find a Mule | Border Security: Australia's Front Line,4-Oct-23,1416,222719,56827.0606
8/28/24,165969,36063.2279,0:13:02,997.481,"German Keeps Cool After $450,000 Heroin Bust | Border Security: Australia's Front Line",29-Oct-23,1271,222510,48067.1867
8/27/24,176845,41788.3352,0:14:10,1133.009,Broke Canadian's Entry at Risk | Border Security: Australia's Front Line,17-Mar-24,1376,222309,51860.2394
8/26/24,205851,49406.9446,0:14:24,1311.179,Customs Discovers Suitcase Full of Marijuana | Border Security: Canada's Front Line,4-May-22,1301,219712,39917.3473
8/25/24,187140,45332.821,0:14:32,1076.151,Unsettling Behavior Raises Red Flags | Border Security: Australia's Front Line,4-Apr-24,1366,219014,51560.2985
8/24/24,216505,43296.4293,0:11:59,1118.822,UK Customs Drug Sniffing Security Dogs | Border Patrol,5-Dec-19,1388,214172,50507.6958
8/23/24,240915,48703.4644,0:12:07,1359.439,"Only an ""Occasional"" Drug Dealer | Border Security: Australia's Front Line",3-Mar-24,1406,213213,51966.9918
8/22/24,204685,43278.0048,0:12:41,1189.459,How to Spot a Drug Mule | Border Security: Australia's Front Line,14-May-23,1521,212474,57823.066
8/21/24,214679,42746.1072,0:11:56,1115.539,Coast Guard Alaska | Season Four Episode 1 Premiere! | Full Episode,1-Aug-20,2553,210904,58200.2781
8/20/24,186075,44398.8202,0:14:18,1154.355,Aussies Caught with Huge Pill Stash | Border Security: Australia's Front Line,22-Feb-24,1385,209931,53454.7815
8/19/24,209028,49031.0108,0:14:04,1339.175,Helicopter Wars | Vietnam Firefight! | Season 1 Episode 2 | Full Episode,28-Mar-21,3010,207630,42040.2453
8/18/24,178665,45621.4808,0:15:19,1124.454,Dangerous Pedophiles | Asia's Underworld | Full Episode,21-Mar-18,1420,203979,23504.7793
8/17/24,145119,36001.4007,0:14:53,940.981,Why is She Traveling With $20k? | Border Security: Australia's Front Line,4-Jun-23,1521,202196,53774.8206
8/16/24,136961,34603.9114,0:15:09,1047.958,Irishman's Luck Runs OutÊ | Border Security: Australia's Front Line,7-May-23,1496,200500,57615.3752
8/15/24,160673,40840.621,0:15:15,1271.131,Wedding Scouting Riddle | Border Security: Australia's Front Line,3-Nov-23,1376,198506,50096.1
8/14/24,153073,39081.7351,0:15:19,1118.489,Lost at Sea! | Coast Guard Alaska | Full Episode,6-Jun-20,2554,196466,63132.3471
8/13/24,184990,49284.4456,0:15:59,1415.16,Customs Discovers 70G of Heroin Smuggled...Internally | Border Security: Australia's Front Line,23-Jul-23,1356,196192,46833.1465
8/12/24,174590,46901.3707,0:16:07,1251.143,Searching for a Domestic Terrorist | Manhunt: Catch Me If You Can | Season 1 Episode 2,9-Apr-22,2685,194617,63764.2063
8/11/24,191844,53036.0595,0:16:35,1553.226,Bag Contents Raise Doubts | Border Security: Australia's Front Line,13-Jan-24,1268,194502,43164.3992
8/10/24,173336,47994.4146,0:16:36,1428.925,Hot Mess at the Border - Border Security Australia - DangerTV,16-Sep-24,6855,192508,129275.1489
8/9/24,185704,50676.5204,0:16:22,1496.561,Nothing to Declare - Border Security Australia,4-Jul-24,1356,190206,37130.8307
8/8/24,192580,48170.8475,0:15:00,1404.643,Going in Raw - Border Security Australia,27-May-24,1431,190162,33600.9285
8/7/24,216489,51966.9734,0:14:24,1373.063,Saturday Bust-a-thon - Border Security Australia - DangerTV,14-Sep-24,6990,187765,134787.9079
8/6/24,229146,53590.6608,0:14:01,1388.384,Clearing Shipwrecks From Dutch Waterways | The Salvage Masters,5-May-23,2631,187247,35263.1583
8/5/24,238312,56633.243,0:14:15,1586.524,How to Flirt Your Way Through Customs | Border Security: Australia's Front Line,9-Jul-23,1301,183102,34906.6765
8/4/24,239064,61648.5358,0:15:28,1555.298,Bringing in a Biohazard | Border Security: Australia's Front Line,10-Feb-24,1321,179329,42897.3377
8/3/24,206334,53692.4925,0:15:36,1398.493,American's Colossal Customs Blunder | Border Security: Australia's Front Line,31-Mar-24,1296,179290,37649.3293
8/2/24,199560,57249.8309,0:17:12,1541.749,Brisbane Airport Evacuation | Border Security: Australia's Front Line,20-Oct-23,1325,176527,45045.079
8/1/24,194126,57386.1618,0:17:44,1421.353,UK Border Force | Suspicious Cash at Heathrow Airport | Season 2 Episode 9 - Full Episode,19-Apr-21,2691,174119,71983.289
7/31/24,149623,45473.5765,0:18:14,1095.23,Hong Kong Heroin Contraband | Border Security: Australia's Front Line,5-Aug-22,1390,171170,40585.14
7/30/24,157538,47806.0754,0:18:12,1165.032,Identical Documents Raise Red Flags | Border Security: Australia's Front Line,7-Mar-24,1330,170709,37614.4245
7/29/24,152048,52505.3229,0:20:43,1340.785,Seized: Aussie's Weapons Stash | Border Security: Australia's Front Line,21-Dec-23,1304,169978,38342.3463
7/28/24,153587,55483.5269,0:21:40,1322.738,Woman caught lying at the border #bordersecurity #immigration #boyfriend #fiance #travel #caught,1-Mar-23,44,169595,2253.9467
7/27/24,157490,55193.6383,0:21:01,1457.754,Criminal Record Threatens Cross-Border Relationship | Border Security: Australia's Front Line,7-Dec-23,1385,168555,42847.0141
7/26/24,172536,59140.1369,0:20:33,1636.43,Backpacker Sets Off Drug Alarms | Border Security: Australia's Front Line,15-Sep-23,1336,167005,41834.3913
7/25/24,183363,54744.5436,0:17:54,1582.637,Korean Cocaine Trafficker | Border Security: Australia's Front Line,5-Oct-22,1296,164444,36294.357
7/24/24,160316,47418.9911,0:17:44,1252.241,Access Denied - Border Security Australia shuts it down,17-Jun-24,1400,162130,37093.5026
7/23/24,176866,52697.0879,0:17:52,1409.686,UK Border Force | Con Air | Season 2 Episode 6 - Full Episode,16-Apr-21,2700,161915,72135.0424
7/22/24,146585,47807.7677,0:19:34,1163.369,Border Patrol informs American she can't just get a job wherever #immigration #bordersecurity,8-Apr-24,59,160970,2176.6591
7/21/24,147572,48963.4688,0:19:54,1175.359,Vehicle Identification VIN Number #auto #landrover,15-Jan-23,58,160928,2358.668
7/20/24,147180,52396.7509,0:21:21,1268.515,Traveler Meltdown at Customs | Border Security: Canada's Front Line,18-Apr-22,1301,158496,30673.3253
7/19/24,154693,49143.5907,0:19:03,1255.021,Anniversary Trip Spoiled by Border Patrol | Border Security: Australia's Front Line,3-Sep-23,1376,156808,38997.1436
7/18/24,167788,55285.5271,0:19:46,1502.97,Indian Traveler's Customs Oversight | Border Security: Australia's Front Line,11-Apr-24,1536,155323,43758.7325
7/17/24,172732,58675.0334,0:20:22,1527.97,The Hidden Mother Load - DangerTV - Border Security Australia,19-Sep-24,1385,154842,32284.4178
7/16/24,180864,65030.95,0:21:34,1693.378,Heroin Twosome | Border Security: Australia's Front Line,13-Aug-22,1356,153430,37481.5074
7/15/24,184097,62382.2394,0:20:19,1554.195,Passengers Go Pill Crazy - Border Security Australia,21-May-24,1400,153220,25177.3094
7/14/24,182951,69425.9912,0:22:46,1609.941,Nervous Frenchman Raises Customs Concerns | Border Security: Australia's Front Line,7-Apr-24,1371,150626,38074.188
7/13/24,173835,64064.5649,0:22:06,1549.707,Cambodian Travels With Multiple IDs | Border Security: Australia's Front Line,26-Feb-23,1458,150268,38217.5166
7/12/24,175637,63066.1998,0:21:32,1565.881,Illegal Snake Boots? | Border Security: Australia's Front Line,29-Feb-24,1320,147546,29335.8879
7/11/24,216256,75488.3543,0:20:56,1883.987,Peruvian Backpack Banned | Border Security Australia,11-Jul-24,1361,147528,25541.3693
7/10/24,174379,60806.1154,0:20:55,1457.172,Revealing Signs: Narcotic Smuggler Caught Reacting | Border Security: Australia's Front Line,28-Apr-24,1296,147466,33045.3768
7/9/24,194798,72393.9073,0:22:17,1664.212,Bali Party Fallout | Border Security: Australia's Front Line,24-Feb-24,1278,147208,34333.4715
7/8/24,218763,83150.3026,0:22:48,1890.465,"Red, White, and Blue Border Security Marathon",3-Jul-24,6616,146323,118711.2503
7/7/24,212589,90282.8772,0:25:28,1730.044,Baby Face Caught with $100k in Heroin | Border Security: Australia's Front Line,16-Apr-23,1351,142142,32409.6638
7/6/24,190747,78354.9524,0:24:38,1647.052,Ephedrine Discovery Leads to Police Raid | Border Security: Australia's Front Line,5-May-24,1411,141108,33337.0255
7/5/24,193902,83302.9135,0:25:46,1807.387,Human Trafficking Operation? | Border Security: Australia's Front Line,27-Sep-23,1390,140388,37486.347
7/4/24,216337,95753.4922,0:26:33,2039.665,Man w/ Too Many Cigarettes Loses it on Customs | Border Security: Australia's Front Line,19-Mar-23,1510,139788,38757.1653
7/3/24,197653,84985.4477,0:25:47,1811.564,Customs Discovers Credit Card Scam | Border Security: Australia's Front Line,21-Sep-22,1330,138952,32377.3005
7/2/24,190558,77586.2873,0:24:25,1736.935,Shot in the Back! | Coast Guard Alaska | Full Episode,6-Jun-20,2553,137984,35779.1497
7/1/24,193643,79409.9442,0:24:36,1621.405,Entry Denied - Border Security Australia,25-Jul-24,1321,136991,29010.6457
6/30/24,223817,95218.7987,0:25:31,2445.721,"Woman Conceals 2.5 Kilos Everywhere Imaginable | ""Customs: Remastered"" 4k",18-May-23,1389,136990,21049.3297
6/29/24,225284,101880.3272,0:27:08,2665.492,Double Whammy | Border Security: Australia's Front Line,4-Sep-22,1320,134719,34304.9141
6/28/24,228848,102110.2041,0:26:46,2751.621,Heart-Shaped Boxes...of Meth | Border Security: Australia's Front Line,25-Apr-24,1341,132508,28712.745
6/27/24,209781,85887.6354,0:24:33,2497.583,Sailors Rescued from Sinking Ship! | Coast Guard Florida | Full Episode,19-Aug-20,2553,132403,34515.268
6/26/24,227557,88681.7374,0:23:22,2552.888,Can You Fly With Fireworks? | Border Security: Australia's Front Line,30-Apr-23,1486,131539,37976.7135
6/25/24,229217,83915.9381,0:21:57,2527.13,Panic at the Customs Office | Border Security: Canada's Front Line,11-Dec-22,1306,130593,25701.066
6/24/24,235511,81035.8586,0:20:38,2284.515,UK Border Force Customs Agents on the Front Lines | Border Patrol,4-Dec-19,2651,130546,43463.9804
6/23/24,246023,78494.1334,0:19:08,2329.82,Broke American Traveler | Border Security: Australia's Front Line,18-Jun-23,1426,130381,35524.5793
6/22/24,226947,70775.1074,0:18:42,2090.299,Beans Gone Bad: Cocaine Plot Exposed by Customs | Border Security: Australia's Front Line,20-Aug-23,1376,126048,34194.5465
6/21/24,213316,64703.5778,0:18:11,1985.538,Hong Kong Traveler with a Checkered Past | Border Security: Australia's Front Line,10-Sep-23,1330,125478,33771.7916
6/20/24,218233,65932.0868,0:18:07,2042.569,Customs Stops Tricked Out Truck | Border Security: Canada's Front Line,22-Apr-22,1301,125419,21936.6567
6/19/24,237550,77293.0482,0:19:31,2235.598,Puppy Contraband | Border Security: Canada's Front Line,13-Nov-22,1306,124229,28506.5471
6/18/24,248853,77411.1837,0:18:39,2219.159,Insane concealment #borderpatrol,29-Aug-23,58,123523,1661.3048
6/17/24,262628,77234.2851,0:17:38,2110.59,Bug Collector Conceals Live Cockroach | Border Security: Australia's Front Line,9-May-24,1261,122056,26985.8529
6/16/24,238156,89511.4515,0:22:33,2388.298,Jamaican Frequent Flier Raises Suspicion | Border Security: Canada's Front Line,28-Oct-22,1306,121744,22791.1834
6/15/24,205542,78128.2175,0:22:48,2088.228,Roughneck Pushes His Luck w/ Border Patrol | Border Security: Canada's Front Line,1-Apr-22,1311,121435,25323.3624
6/14/24,187768,52745.7664,0:16:51,1637.724,Gluteal Implants Set off Sensors - Border Security Australia,22-Oct-24,1450,121270,22191.3629
6/13/24,220918,59120.4592,0:16:03,1745.38,People Clinging for Life in the Ocean! | Coast Guard Florida | Full Episode,22-Aug-20,2495,120292,26933.135
6/12/24,218053,57730.2278,0:15:53,1752.91,Chilean Coke Smuggler | Border Security: Australia's Front Line,2-Jul-22,1376,119856,24555.2858
6/11/24,233571,65475.0513,0:16:49,1873.754,Lost in the Wilderness! | Coast Guard Alaska | Full Episode,6-Jun-20,2553,117818,39386.0471
6/10/24,242990,66758.6873,0:16:29,1899.02,Rare Orchid Smuggler | Border Security: Australia's Front Line,2-Apr-23,1295,116678,27925.6003
6/9/24,216341,58982.1936,0:16:21,1630.926,"So-Called ""Tourist"" Uncovered | Border Security: Australia's Front Line",12-Sep-22,1366,116336,30964.4425
6/8/24,212537,54684.8328,0:15:26,1578.206,Police Patrol the Border | Police Patrol Series! | Full Episode,19-Jun-20,3154,116313,39265.5753
6/7/24,208166,49746.2671,0:14:20,1510.233,The Sketchiest Hiding Spots Ever - Border Security Australia - DangerTV,19-Sep-24,5467,116172,61897.385
6/6/24,236674,54341.7484,0:13:46,1677.592,Pushing the Chopper to the Limits! | Coast Guard Alaska | Full Episode,30-May-20,2553,114546,31789.8171
6/5/24,259007,55934.9444,0:12:57,1679.375,Ecstasy Pill Smugglers Busted! | Border Security: Australia's Front Line,14-Oct-22,1281,114073,26901.4488
6/4/24,269031,57493.5851,0:12:49,1563.588,Broke Brit Gets Grilled | Border Security: Australia's Front Line,8-Sep-23,1385,114056,32622.4505
6/3/24,223550,49958.195,0:13:24,1379.576,Brit Defiant After Cocaine Discovery | Border Security: Australia's Front Line,6-Aug-23,1376,113280,26721.6307
6/2/24,235618,55118.9033,0:14:02,1308.155,Swallowing 143g of Heroin | Border Security: Australia's Front Line,8-Jul-22,1376,112701,24087.6747
6/1/24,201287,44363.0054,0:13:13,1121.078,Her Diary Leads to Bust - Border Security Australia,15-Aug-24,1385,111294,27399.4936
5/31/24,189969,44066.438,0:13:55,1253.844,"Airport Drama: Suspicion, Secrets, and Smuggled Snacks | Border Security: Australia's Front Line",8-Oct-23,1321,111294,27838.5361
5/30/24,215311,45301.1884,0:12:37,1372.901,Sea Rescue! | Coast Guard Alaska | Full Episodes,27-Jun-20,2553,110416,31787.406
5/29/24,235058,49235.9453,0:12:34,1545.891,27000 dollars worth of cigarettes - Border Security Australia,18-Jul-24,1406,109920,26469.0245
5/28/24,255406,53188.4191,0:12:29,1262.561,Rotten Surprises Revealed | Border Security: Australia's Front Line,14-Mar-24,1371,108840,26024.8287
5/27/24,311931,59471.4055,0:11:26,1581.348,American Suspected of Smuggling | Border Security: Australia's Front Line,26-Sep-22,1436,108405,28308.6276
5/26/24,243197,41536.8015,0:10:14,1171.075,Banned for Three Years! Border Security Australia,8-Jul-24,1406,108233,24634.1336
5/25/24,245301,38020.6726,0:09:17,1148.978,Breaking The Landspeed World Record at Over 400mph! | Full Length Documentary,27-May-18,2978,107943,35002.2889
5/24/24,294537,39903.27,0:08:07,1323.284,Interrogating Brits over Booze and Pills | Border Security: Australia's Front Line,1-May-24,1361,107785,24730.8955
5/23/24,294248,41595.9293,0:08:28,1354.546,The Real Inglorious Basterds! | True Story of the Jewish Commandos Who Inspired Tarantino | Full Doc,18-Oct-20,3093,107410,21431.7698
5/22/24,326876,41465.7201,0:07:36,1322.218,Hidden Ecstasy Stash Uncovered | Border Security: Australia's Front Line,10-Sep-22,1335,104847,21829.2227
5/21/24,398375,45386.8163,0:06:50,1485.575,Massive Meth Bust - Border Security Australia,23-Aug-24,1371,104556,23756.3549
5/20/24,416076,41570.3705,0:05:59,1286.529,Customs Officer Gets Tough on a Kiwi | Border Security: Australia's Front Line,9-Apr-23,1385,102591,25510.1757
5/19/24,287490,40583.1944,0:08:28,1200.475,Agents Investigate a Suspicious Techie | Border Security: Canada's Front Line,6-Apr-22,1311,101664,22535.7216
5/18/24,289629,38328.8412,0:07:56,1174.371,Cocaine Smuggling Surfer | Border Security: Australia's Front Line,27-Jul-22,1405,101554,26835.4056
5/17/24,315817,38985.1627,0:07:24,1312.888,American Loses Patience w/ Australia Border Patrol | Border Security: Australia's Front Line,24-Sep-23,1281,100879,23357.7659
5/16/24,344709,42855.0957,0:07:27,1445.567,Big Bag of Counterfeit Cash - Border Security Australia,22-Sep-24,5455,100809,40555.5922
5/15/24,337005,40637.7383,0:07:14,1299.816,Desperate to Enter the Country | Border Security: Australia's Front Line,21-May-23,1366,98841,27261.5467
5/14/24,416546,44385.2469,0:06:23,1310.927,Fastest Bike in the World! | Breaking the Land Speed Record! | ACK ATTACK | Full Length Documentary,7-Nov-19,3008,98198,19004.1563
5/13/24,450329,47948.9293,0:06:23,1344.6,UK Border Force | Illegal Immigrants Hidden in a Truck! | Season 2 Episode 7 - Full Episode,17-Apr-21,2700,97738,44596.4438
5/12/24,513081,42164.108,0:04:55,1214.726,Internet Romance Meet-Up: American's Suspicious Visit | Border Security: Australia's Front Line,21-Apr-24,1395,97263,24196.281
5/11/24,399035,37633.7763,0:05:39,1132.088,Caught Red Handed! | NightGuard Security Season 1 Episode 3 | Full Episode,6-Nov-20,2342,96184,28696.8196
5/10/24,483273,38884.8674,0:04:49,1342.127,Criminal Past Catches Up With Man at the Border | Border Security: Australia's Front Line,13-Aug-23,1406,93040,26329.7466
5/9/24,569588,42383.8565,0:04:27,1414.694,Springsteen-Loving Drifter | Border Security: Australia's Front Line,22-Oct-23,1325,91324,25045.0353
5/8/24,558584,37948.1129,0:04:04,1218.462,Overstayed Visa by 14 Years! | Border Security: Canada's Front Line,21-Nov-22,1306,90739,18093.114
5/7/24,594031,39328.0632,0:03:58,1250.675,Coast Guard Florida | Season 1 - Episode 1 Premiere! | Full Episode,10-Aug-20,2553,90571,22642.6861
5/6/24,854015,46238.8881,0:03:14,1408.406,Customs Agents Find Smuggled Drugs | UK Border Patrol,7-Nov-19,1382,90463,20971.3878
5/5/24,671506,54531.2148,0:04:52,1564.77,Undocumented Worker Raid | Border Security: Australia's Front Line,25-Jun-23,1391,89107,24442.3964
5/4/24,506942,40634.6046,0:04:48,1116.813,Thai Masseuse's Vacation Lie | Border Security: Australia's Front Line,25-Oct-23,1341,88998,19986.7762
5/3/24,424672,39500.8889,0:05:34,1246.169,DJ Caught With Cocaine Residue | Border Security: Australia's Front Line,2-Jul-23,1376,88080,24174.4642
5/2/24,420354,43425.8526,0:06:11,1351.507,Drugs Disguised as Baby Formula | Border Security: Canada's Front Line,8-Apr-22,1311,87855,21483.9837
5/1/24,363519,49114.641,0:08:06,1521.229,Gambler's Blues - Border Patrol on DangerTV | Border Security: Australia's Front Line,25-Jun-24,1406,87043,19748.4889
4/30/24,320575,42120.983,0:07:53,1365.997,Heroin Smuggled as Incense | Border Security: Australia's Front Line,2-Oct-22,1336,86113,19949.3724
4/29/24,301258,46257.2723,0:09:12,1548.829,Boxes and Boxes of Busts - Border Security Live,29-Aug-24,8150,85666,85494.0124
4/28/24,327983,56480.9199,0:10:19,1748.368,Border Patrol Agents Make Startling Discovery | Locked Up Abroad!,7-Nov-19,1388,84693,15779.6778
4/27/24,304540,45469.7406,0:08:57,1393.757,Lord of the Drug Rings | Border Security: Australia's Front Line,26-Jun-22,1296,84623,18105.4918
4/26/24,311094,46151.3077,0:08:54,1639.661,Wrestler's Visa Woes Down Under | Border Security: Australia's Front Line,11-Oct-23,1325,84540,22677.5054
4/25/24,393638,57186.8595,0:08:43,2020.621,Clash at the Border: Unruly Traveler vs. Customs Officer | Border Security: Australia's Front Line,16-Jul-23,1276,83949,18427.727
4/24/24,365794,45695.7656,0:07:29,1510.578,Coast Guard Florida | Season 1 Finale! | Full Episode,31-Aug-20,2553,83508,24699.6653
4/23/24,409979,45059,0:06:35,1515.058,Big Surprise! | NightGuard Security Season 1 Episode 4 | Full Episode,11-Nov-20,2463,83157,18347.7411
4/22/24,378334,43896.5581,0:06:57,1430.445,Agents Discover Stolen Land Rovers | Border Security: Canada's Front Line,25-Nov-22,1306,83100,18800.1022
4/21/24,451691,51719.4947,0:06:52,1557.447,Lightning Raids - Search Warrant Blitz | Miami SWAT,4-Jun-23,2676,82600,18879.3154
4/20/24,401910,41504.2185,0:06:11,1264.504,Smuggling into the Weekend - Border Security Australia - DangerTV,20-Sep-24,5432,82515,48852.2123
4/19/24,445802,45728.9495,0:06:09,1559.19,UK Border Force | Illegal Workers in Southampton | Season 2 Episode 5 - Full Episode,14-Apr-21,2650,82104,37945.1554
4/18/24,490213,50203.6072,0:06:08,1722.206,Rescuing a Woman in Labor! | Coast Guard Alaska | Full Episode,13-Jun-20,2553,80064,28348.7489
4/17/24,455333,43585.3274,0:05:44,1484.693,Airport Dogs Uncover Cocaine Smuggling | Border Security: Australia's Front Line,30-Nov-23,1385,79481,14861.8407
4/16/24,432876,48358.7544,0:06:42,1726.624,Endless Drug Paraphernalia - Border Security Australia,25-Sep-24,1390,79013,15557.9125
4/15/24,397357,49744.3234,0:07:30,1971.294,Never Hand Over Your Phone to Border Security | Border Security: Australia's Front Line,5-Jun-24,1316,78830,16455.1695
4/14/24,397805,59926.4409,0:09:02,2252.029,Traveler Suspected of Flying to Canada to Illegally Enter US | Border Security: Canada's Front Line,6-Jun-22,1301,78179,16053.4609
4/13/24,365644,42578.9075,0:06:59,1484.897,Severe Weather Rescue | Coast Guard Alaska | Full Episode,15-Jul-20,2554,77558,23892.4849
4/12/24,359576,44381.0021,0:07:24,1723.882,Fighting High Seas! | Coast Guard Alaska | Full Episode,20-Jun-20,2553,76877,25852.4894
4/11/24,379702,48868.1486,0:07:43,1791.385,Cocaine Soup | Border Security: Australia's Front Line,16-Jul-22,1346,76862,18166.9855
4/10/24,360629,42917.7017,0:07:08,1506.751,Mooncakes and Drug Dogs - Border Security: Australia's Front Line,13-May-24,1416,76516,13388.7152
4/9/24,452147,45307.2668,0:06:00,1586.349,MMA Fighter's Frequent Visits Spark Suspicion | Border Security: Australia's Front Line,21-Mar-24,1278,76411,17886.26
4/8/24,493747,45106.6924,0:05:28,1588.589,Coast Guard Alaska | Season 1 Episode 1 Premier | Full Episode,30-May-20,2553,76343,18598.229
4/7/24,533046,54228.6616,0:06:06,1719.059,Undeclared | Border Security: Canada's Front Line,27-Nov-22,1306,75492,18144.9741
4/6/24,461005,44531.7592,0:05:47,1429.526,Jersey Girl | Border Security: Canada's Front Line,4-Nov-22,1306,75168,15014.2957
4/5/24,514871,46137.5488,0:05:22,1593.311,Border Security Finds Big Game | Border Security: Australia's Front Line,18-Apr-24,1491,74419,20714.2848
4/4/24,517014,54018.3482,0:06:16,1832.556,"Giant German ""Guido"" Stopped at Customs | Border Security: Australia's Front Line",27-Aug-23,1385,74056,19236.1267
4/3/24,483247,44417.2459,0:05:30,1453.894,Inadvertent Drug Mule | Border Security: Canada's Front Line,15-Apr-22,1301,73297,16108.6693
4/2/24,449640,46786.5054,0:06:14,1526.704,Stopped at Border in Stolen Car | Border Security: Canada's Front Line,24-Apr-22,1301,73240,16098.3065
4/1/24,426328,44903.3215,0:06:19,1410.695,Traveler Pushes His Luck w/ Border Patrol #publicfreakout #travel #airport,1-Feb-23,60,71848,1120.2794
3/31/24,415838,48888.9923,0:07:03,1698.912,Search Dog Helps the Coast Guard find a Missing Girl! | Coast Guard Alaska | Full Episode,27-Jun-20,2553,71609,24280.3945
3/30/24,334849,42919.9687,0:07:41,1567.278,Lost in the Water Rescue! | Coast Guard Alaska | Full Episode,7-Aug-20,2554,70847,26284.107
3/29/24,276566,42505.993,0:09:13,1751.132,Busted for Cigarettes - Border Security Australia,23-Jul-24,1426,70747,15072.9582
3/28/24,280081,49287.605,0:10:33,1987.977,Cash Stash | Border Security: Australia's Front Line,1-Aug-22,1406,70580,19182.903
3/27/24,225191,40747.8652,0:10:51,1489.92,Solid Gold Bar Raises Suspicion | Border Security: Canada's Front Line,18-May-22,1296,70524,15591.6266
3/26/24,239476,42918.7614,0:10:45,1606.445,Heavily Armed Texan Stopped by Border Patrol | Border Security: Canada's Front Line,18-Mar-22,1311,70480,13254.9543
3/25/24,232752,42749.5424,0:11:01,1589.017,Rock Singer Denied Entry - Border Security Australia,9-Aug-24,1406,70268,15216.0131
3/24/24,262818,53874.7825,0:12:17,1891.562,Smuggling Prescription Pills | Border Security: Australia's Front Line,16-Oct-22,1301,70109,18027.3764
3/23/24,195003,36797.1043,0:11:19,1304.632,Party Boy's Luggage: Vitamins or Trouble? | Border Security: Australia's Front Line,13-Oct-23,1351,69835,18581.7153
3/22/24,180468,37131.8149,0:12:20,1462.74,Stuffy Conceals Coke | Border Security: Australia's Front Line,16-Sep-22,1330,69757,16664.1666
3/21/24,207391,44310.6799,0:12:49,1719.515,Saving Tsunami-Wrecked Vessel | The Salvage Masters,19-May-23,2645,69616,9945.234
3/20/24,189712,39636.4612,0:12:32,1496.71,Manic American Has Nothing to Declare - Border Security Australia,29-Aug-24,1385,68694,16273.053
3/19/24,199592,42046.281,0:12:38,1529.578,Armed Man Knows His Rights | Border Security: Canada's Front Line,17-Dec-22,1316,68406,13378.0913
3/18/24,197212,43655.2392,0:13:16,1617.142,Broke American Tries to Enter Australia | Border Security: Australia's Front Line,10-Aug-22,1390,67045,18027.4579
3/17/24,222884,50649.3096,0:13:38,1721.025,Bags Full of Illegal Drugs | Border Security: Australia's Front Line,20-Jun-24,1311,66626,13439.3593
3/16/24,168932,36468.4613,0:12:57,1223.788,UK Border Security Force Customs Agents Behind the Scenes | Locked Up Abroad | Border Patrol,7-Nov-19,2637,66480,20945.2064
3/15/24,182524,39820.3177,0:13:05,1433.035,Helicopters to the Rescue! | Coast Guard Alaska | Full Episode,20-Jun-20,2554,65869,20535.6297
3/14/24,204539,44127.4562,0:12:56,1572.684,Woman surprised that drugs are illegal ... Border Security Australia,25-Sep-24,5595,65842,32373.9428
3/13/24,175639,38671.5179,0:13:12,1348.538,Potential Sex Worker Interrogated | Border Security: Canada's Front Line,29-Oct-22,1306,65557,14069.9367
3/12/24,192306,42338.004,0:13:12,1441.096,Coast Guard Cape Disappointment Pacific NorthWest | Season 1 - Episode 1 | Full Episode,2-Sep-20,2553,65379,18271.7658
3/11/24,218608,47982.2564,0:13:10,1618.513,Death Row Dogs | Full Length Documentary,7-Nov-19,2667,65103,12107.0999
3/10/24,261911,58100.4213,0:13:18,1809.413,Sea Cucumbers and Meth Markers | Border Security Australia,10-Jun-24,1336,64950,13804.9176
3/9/24,196722,41814.7158,0:12:45,1277.856,Live Border Security Marathon! Five Huge Episodes!!,21-Jun-24,7889,64629,46157.9212
3/8/24,204076,43689.1173,0:12:50,1573.149,Massive Meth Concealment - Border Security Australia,10-Sep-24,1390,64579,14510.3106
3/7/24,239739,51000.4038,0:12:45,1819.85,A Six Figure Fine for Illegal Immigration - Friday Border Binge,25-Oct-24,5543,64058,29324.2949
3/6/24,202588,43752.3873,0:12:57,1426.426,Missing Boat Search & Rescue! | Coast Guard Alaska | Full Episode,13-Jun-20,2553,63821,24471.9337
3/5/24,210796,46817.5056,0:13:19,1520.682,Just a Man and His Teddy Bear? | Border Security: Australia's Front Line,15-Aug-22,1390,63560,16555.3932
3/4/24,223672,48939.8005,0:13:07,1617.025,Stacks of Cash With No Story | Border Security: Australia's Front Line,24-Aug-22,1390,63385,12068.6633
3/3/24,273762,60041.3479,0:13:09,1844.359,Tropical Storm Isaac Rescues! | Coast Guard Florida | Full Episode,17-Aug-20,2554,63349,21609.1342
3/2/24,224882,47441.4933,0:12:39,1428.517,Laptop or Bottom? - Border Security Australia,29-May-24,1381,63183,13037.4707
3/1/24,233054,49263.8465,0:12:40,1655.697,Massive Bust of Hidden Drugs - Border Security Australia,19-Aug-24,1281,63138,13461.8035
2/29/24,275052,58716.5724,0:12:48,2111.072,Bonus Monday Night Live Stream - Australia Border Security Strikes Again,1-Oct-24,5457,62890,35382.6589
2/28/24,261965,57120.0983,0:13:04,1953.537,Fighting Huge Waves - Rescue | Coast Guard Cape Disappointment Pacific Northwest | Full Episode,19-Sep-20,2553,62094,16055.5951
2/27/24,262576,56386.6349,0:12:53,1872.278,Suspicious Drunk Englishman | Border Security: Australia's Front Line,12-Mar-23,1237,61992,15237.1361
2/26/24,255527,54736.0833,0:12:51,1836.852,Man With Strange Past Stopped by Customs | Border Security: Canada's Front Line,20-Apr-22,1301,61919,13477.4659
2/25/24,271933,57615.4952,0:12:42,1744.679,UK Border Force Bust a Criminal | Royal Scam | Season 2 Episode 1 - Full Episode,9-Apr-21,2691,61210,26120.116
2/24/24,295416,63052.2334,0:12:48,2015.992,Cartel Busted - Border Security Australia,13-Aug-24,1395,60662,13030.7827
2/23/24,281766,58509.1839,0:12:27,2070.314,Escort or Girlfriend? - Border Security Australia,1-Nov-24,1371,60305,14714.9251
2/22/24,321532,67707.3998,0:12:38,2343.87,Ship Wreck! | Coast Guard Alaska | Full Episode,11-Jul-20,2553,59741,20765.8688
2/21/24,317957,65217.9441,0:12:18,2185.586,Real Life Batman | Border Security: Canada's Front Line,2-Nov-22,1306,59547,12293.6623
2/20/24,315305,65772.3302,0:12:30,2191.689,Busted for Cream Cheese? Border Security Canada,27-Sep-24,5260,59015,35661.6281
2/19/24,317572,66248.7348,0:12:30,2077.321,Farm Raid - Border Security Australia,5-Aug-24,1381,58394,11213.4823
2/18/24,314451,67211.2117,0:12:49,2026.626,No English - Border Patrol Binge,10-Oct-24,5406,58022,32166.1196
2/17/24,354377,74496.9515,0:12:36,2384.867,Money Launderer Stopped at Border | Border Security: Canada's Front Line,30-Apr-22,1301,57945,12671.9641
2/16/24,276260,54196.7864,0:11:46,1869.54,Stake Out! | NightGuard Security Season 1 Episode 9 | Full Episode,2-Dec-20,2731,57565,22061.5401
2/15/24,309112,62353.8062,0:12:06,2176.248,"Busted For 100,000 Dollar Boots - Border Security Canada",30-Sep-24,5405,57473,27602.0451
2/14/24,265980,49704.9887,0:11:12,1678.5,Customs Break up a Drug Ring | Border Security: Australia's Front Line,23-Apr-23,1381,57245,15159.2766
2/13/24,300508,54230.9241,0:10:49,1730.304,Chopper Rescue! | Coast Guard Alaska | Full Episode,30-May-20,2553,56818,20216.0976
2/12/24,335341,59751.2716,0:10:41,1969.89,Drugs Onboard | Border Security: Australia's Front Line,29-Jun-22,1406,56605,15841.4478
2/11/24,395500,65434.5679,0:09:55,2183.663,That's Not Food in My Country - Border Security Binge!,22-Oct-24,5467,56172,32672.3861
2/10/24,468806,75665.5034,0:09:41,2407.093,Border Patrol Stops Tylenol Haul #borderpatrol #immigration #bordersecurity,31-Jan-24,21,55785,359.0846
2/9/24,472325,67211.807,0:08:32,2253.367,Booted from the Border - Border Security Australia,7-Aug-24,1395,55665,12549.3274
2/8/24,557058,75139.3107,0:08:05,2441.554,Major Drug Bust Stopped - Border Security Australia,26-Aug-24,1381,55462,12792.4948
2/7/24,492973,65060.6569,0:07:55,1964.598,Hunt for Undocumented Workers | Border Security: Australia's Front Line,22-Sep-23,1381,55454,14469.5236
2/6/24,460548,65462.2288,0:08:31,1976.775,You can't escape Border Security,31-May-24,4087,55181,28389.3063
2/5/24,553532,72704.643,0:07:52,2155.981,Illegal King Cobra Skin | Border Security: Australia's Front Line,19-Aug-22,1345,55028,14233.8341
2/4/24,632119,80235.2074,0:07:36,2076.922,Suspicious Russian at the Border | Border Security: Canada's Front Line,10-Apr-22,1311,54950,13676.8938
2/3/24,701181,83091.4839,0:07:06,2318.899,Stopped by Customs for Being Broke? | Border Security: Australia's Front Line,24-Sep-22,1325,54866,13867.2754
2/2/24,565357,75083.8856,0:07:58,2346.182,Fire on Boat Rescue! | Coast Guard Florida | Full Episode,12-Aug-20,2553,54546,17605.1573
2/1/24,615664,88124.1864,0:08:35,2723.361,So.Much.Food | Border Security Australia,15-Jul-24,1265,54534,10067.9874
1/31/24,616857,71674.6,0:06:58,2423.839,American Deemed Too Sick to Enter Canada | Border Security: Canada's Front Line,13-Apr-22,1311,54174,12308.7109
1/30/24,620267,71532.8018,0:06:55,2373.08,Distress Signals - Border Security Australia,27-Oct-24,1356,53763,11587.8009
1/29/24,575993,74725.8035,0:07:47,2370.793,Kiwi With a Checkered Past | Border Security: Australia's Front Line,20-Sep-23,1346,53679,14371.7404
1/28/24,612521,79355.4395,0:07:46,2452.636,Romanian Boxer Stopped By Customs | Border Security: Australia's Front Line,24-Jul-22,1520,53636,16181.1026
1/27/24,556749,84774.4488,0:09:08,2624.128,Stranded Vessel Rescue! | Coast Guard Alaska | Full Episode,20-Jun-20,2553,53351,19216.251
1/26/24,452628,68189.8087,0:09:02,2399.595,Kid's Book Conceals Contraband - Border Security Australia,31-Aug-24,1330,52566,12008.3448
1/25/24,541104,85470.6976,0:09:28,2943.596,UK Border Force | Interpol Suspects! | Season 2 Episode 8 - Full Episode,18-Apr-21,2665,51973,22734.3614
1/24/24,395861,61345.4939,0:09:17,1949.415,Border Security Marathon - Arrests Everywhere,10-Sep-24,6551,50794,33299.0411
1/23/24,401504,61502.1549,0:09:11,1954.598,Four Episodes Back to Back! - Border Security Australia - DangerTV,21-Sep-24,5470,50773,34207.5804
1/22/24,295820,50519.9518,0:10:14,1572.463,Helicopter Search - Lost Kayakers! | Coast Guard Alaska | Full Episode,17-Jul-20,2553,50644,21130.8568
1/21/24,304431,50514.6917,0:09:57,1485.731,UK Border Force Bust Illegals from Iraq | Season 2 Episode 2 - Full Episode,10-Apr-21,2700,50463,20735.5489
1/20/24,316514,57708.1987,0:10:56,1760.232,Strange Last Minute Traveler | Border Security: Canada's Front Line,16-Nov-22,1301,50364,12308.9746
1/19/24,274917,50488.5635,0:11:01,1677.137,Who is She Really? - Border Security Australia,5-Sep-24,1351,50345,11490.8021
1/18/24,298181,57786.4223,0:11:37,1913.213,Seconds to Save Sinking Ship! | Coast Guard Florida | Full Episode,21-Aug-20,2553,50172,15907.6327
1/17/24,247890,45794.5839,0:11:05,1396.419,Friday's Big Border Busts - Border Security Australia,2-Aug-24,8540,49978,25141.6567
1/16/24,270505,47830.5759,0:10:36,1429.316,Are They Smuggling People - Border Security Australia - DangerTV,21-Sep-24,1325,49834,10274.1737
1/15/24,277487,48043.639,0:10:23,1454.011,Mountain Biker Rejected at the Border | Border Security: Canada's Front Line,29-May-22,1301,49810,11332.9476
1/14/24,301163,51883.784,0:10:20,1556.16,Frozen Fisherman Rescue | Coast Guard Alaska | Full Episode,11-Jul-20,2553,49601,18003.7712
1/13/24,330648,56540.1668,0:10:15,1734.979,Psychic Security - Border Security Australia,29-Oct-24,1336,49254,11416.8504
1/12/24,315787,50799.3032,0:09:39,1561.483,Four Huge Border Canada Episodes - Canada Livestream!,20-Jul-24,5186,49195,27354.7861
1/11/24,365836,55965.0156,0:09:10,1718.648,Emotional Baggage | Border Security: Australia's Front Line,24-May-24,1421,47687,9201.1378
1/10/24,350796,48997.4899,0:08:22,1420.059,Border Patrol busts cocaine smuggler who hides drugs in art #borderpatrol #bordersecurity #border,30-Jan-24,50,47151,569.7339
1/9/24,354251,53290.0806,0:09:01,1507.203,"Yeah, We Test for That - Border Security Australia",15-Sep-24,1381,46161,10798.6174
1/8/24,387947,55577.1648,0:08:35,1597.456,Broken Neck Rescue! | Coast Guard Alaska | Full Episode,8-Aug-20,2554,46106,18460.5122
1/7/24,427944,63232.1674,0:08:51,1606.176,Time To Go Home - Border Lunch Broadcast,11-Oct-24,5645,45938,32731.8312
1/6/24,474261,73485.9709,0:09:17,2445.674,Agents Question Soldier on the Run | Border Security: Canada's Front Line,25-Apr-22,1291,45898,10255.4675
1/5/24,440290,63049.3248,0:08:35,1766.487,Border Security Australia rips open chip bags looking for drugs #bordersecurity,28-Apr-24,38,45605,377.377
1/4/24,453234,72034.1915,0:09:32,2063.856,American Partiers Questioned | Border Security: Canada's Front Line,11-Nov-22,1311,45450,11041.656
1/3/24,489468,63157.5395,0:07:44,1681.917,Severed Hand Rescue! | Coast Guard Alaska | Full Episode,1-Aug-20,2554,44857,17882.7719
1/2/24,532525,65133.0834,0:07:20,1612.04,Meth-od Man - Border Security Australia,17-Sep-24,1356,44615,9711.2356
1/1/24,680532,64193.069,0:05:39,1349.25,Big Bust! | NightGuard Security Season 1 Episode 7 | Full Episode,25-Nov-20,2524,44453,13458.1099
12/31/23,564467,54169.1016,0:05:45,1499.225,Rough Seas Rescue off the Coast of Miami | Coast Guard Florida | Full Episode,29-Aug-20,2553,44307,13006.7578
12/30/23,672764,63186.5502,0:05:38,1914.222,Meth Cook? - Border Security Australia | DangerTV,17-Nov-24,1366,44254,8530.6975
12/29/23,608858,56782.0019,0:05:35,1722.228,Spinal Cord Injury Water Rescue! | Coast Guard Florida | Full Episode,14-Aug-20,2553,44232,17259.3384
12/28/23,501345,61102.9239,0:07:18,1893.542,Car Jackers | NightGuard Security Season 1 Episode 11 | Full Episode,13-Dec-20,2619,44165,12956.1608
12/27/23,444862,44834.2783,0:06:02,1340.464,Meth Head Investigated by Agents | Border Security: Canada's Front Line,7-May-22,1301,43896,10333.3869
12/26/23,385108,40999.244,0:06:23,1350.526,Saving Sailors in the Water | Coast Guard PNW - Cape Disappointment Pacific Northwest | Full Episode,4-Sep-20,2553,43550,15251.661
12/25/23,490137,35130.3249,0:04:18,1193.754,Armed Manhunt! | Coast Guard Cape Disappointment Pacific Northwest | Full Episode,18-Sep-20,2553,43450,12786.4848
12/24/23,773854,37699.6191,0:02:55,1210.902,Texas military man arrested at Canadian border #texas #canada #bordersecurity #dangertv,11-Feb-23,27,43404,333.9192
12/23/23,935495,41306.9915,0:02:38,1381.864,Illegal Duck Eggs?Ê | Border Security: Australia's Front Line,7-Aug-22,1330,43271,11259.1694
12/22/23,875492,44604.4713,0:03:03,1671.684,Laptop Full of Drugs - Border Security Australia,17-Oct-24,1381,43248,9611.9358
12/21/23,877026,51639.9431,0:03:31,2066.225,UK Border Agency Finds Loads of Hidden Cash! | Border Patrol,4-Dec-19,1381,43040,8207.0419
12/20/23,471502,42449.8725,0:05:24,1756.259,Merry Bust-Mas! - Border Security Australia - DangerTV,16-Sep-24,7007,43004,30636.9598
12/19/23,304275,42847.8217,0:08:26,1761.423,Culture Clash - Border Security Australia,3-Nov-24,1385,42628,10512.9995
12/18/23,240675,41967.7937,0:10:27,1779.763,Coke Mules Gone Wild! | Border Security: Australia's Front Line,16-May-24,1381,42410,7557.2696
12/17/23,236393,44326.9808,0:11:15,1807.337,Beetles and Butterflies | Border Security: Canada's Front Line,5-Dec-22,1306,42294,10892.5601
12/16/23,220047,39666.696,0:10:48,1581.127,"Dragging ""The Agulhas"" Container Ship Wreck | The Salvage Masters",12-May-23,2645,42280,9227.9785
12/15/23,235197,41875.7278,0:10:40,1912.624,Border Agents Make Uncomfortable Discovery at Gatwick Airport | UK Customs Border Patrol,31-Jul-19,1389,42236,5786.9762
12/14/23,237172,45876.8183,0:11:36,1993.224,Honduran Drug Runners | Border Security: Canada's Front Line,16-Apr-22,1311,42209,10405.8097
12/13/23,217239,40310.246,0:11:08,1868.81,What's in the Rug? - Border Security Australia,7-Oct-24,1400,42136,10189.997
12/12/23,209319,41200.2862,0:11:48,1819.654,Texas Jeff | Border Security: Australia's Front Line,22-Jul-22,1465,42035,12021.1096
12/11/23,208011,40757.3038,0:11:45,1710.418,Canadian Border Lies,28-Nov-23,40,41887,383.2657
12/10/23,250621,45499.5315,0:10:53,1732.643,Rookie Detector Dog Debuts | Border Security: Australia's Front Line,9-Nov-23,1271,41565,9189.0186
12/9/23,237267,45133.2391,0:11:24,1716.845,Corey Feldman Gets Detained at the Border | Border Security: Canada's Front Line,20-Mar-22,1311,41562,8558.0287
12/8/23,239750,47194.4528,0:11:48,2027.993,Big Interrogation Fail - Border Security Australia,25-Oct-24,1395,40999,8733.4811
12/7/23,277065,52113.8077,0:11:17,2309.227,Canadian Border Patrol tears apart trailer looking for handgun #bordersecurity,12-Apr-24,55,39998,477.0415
12/6/23,266431,48576.3881,0:10:56,2055.446,That's not my Bag - Border Dinner Broadcast,14-Oct-24,5736,39616,20940.13
12/5/23,255227,47168.3279,0:11:05,2013.495,Ex-Con Runs in to Trouble at Border | Border Security: Australia's Front Line,26-Mar-23,1263,39614,9771.3889
12/4/23,260492,47807.3819,0:11:00,2061.226,Drugs Hidden in Fish? | Border Security Australia,13-Sep-24,1400,39380,9590.9437
12/3/23,250567,44026.9272,0:10:32,1812.534,What is Diplomatic Immunity? - Border Security Australia,21-Nov-24,5513,39338,16630.3006
12/2/23,237545,41154.5228,0:10:23,1737.855,Oil Rig Worker Interrogated by Border Security | Border Security: Canada's Front Line,26-Mar-22,1311,38980,9219.5574
12/1/23,245189,39002.4297,0:09:32,1919.646,Machine Gun Smuggled Illegally in Pieces | Border Security: Canada's Front Line,28-Mar-22,1311,38973,9099.0779
11/30/23,254153,41178.3958,0:09:43,2151.775,Swimmers in the Water! | Coast Guard Alaska | Full Episode,4-Jul-20,2553,38760,15180.841
11/29/23,252054,36416.7858,0:08:40,1866.345,Japanese traveler stopped when leaving the country. #bordersecurity #borderpatrol #japan #cops,14-Mar-23,58,38112,526.4627
11/28/23,259594,37583.8964,0:08:41,1945.983,Helicopter Wars | The Taliban Gambit! | Season 1 Episode 1 | Full Episode,31-Mar-21,3017,37455,8906.9014
,,,,,Passengers Tiny Lies Get Them in Big Trouble - Border Security Canada,28-Sep-24,5270,37286,21613.5792
,,,,,Rocky Shore Rescue! | Coast Guard Alaska | Full Episode,11-Jul-20,2553,37216,16268.0178
,,,,,Trauma Patient Rescue | Coast Guard Alaska | Full Episode,13-Jul-20,2553,36536,13569.9755
,,,,,Emergency Rescue! | Coast Guard Alaska | Full Episode,25-Jul-20,2553,36419,13511.8199
,,,,,Banned by Border Security Australia | Border Security: Australia's Front Line,13-Jun-24,1325,36391,7056.5795
,,,,,Immigration HeartBreak - Border Security Australia | DangerTV,8-Nov-24,1366,36266,7956.7517
,,,,,Ice Man | Border Security: Australia's Front Line,4-Jul-22,1441,35910,7491.3605
,,,,,Border Security stops One Million Dollars worth of tobacco #smuggling #concealment #borderforce,24-Jan-24,46,35779,407.2781
,,,,,DUI Record Disrupts Family Holiday | Border Security: Canada's Front Line,15-Jun-22,1276,35614,8052.6556
,,,,,Past Convictions Catch Up | Border Security: Canada's Front Line,30-Nov-22,1306,35414,9381.5533
,,,,,Logging Accident Head Injury Rescue! | Coast Guard Alaska | Full Episode,5-Aug-20,2554,35156,13505.2694
,,,,,Rough Takedown! | NightGuard Security Season 1 Episode 8 | Full Episode,28-Nov-20,2660,35105,10809.5224
,,,,,Banned for Bringing Food - Border Security Australia - DangerTV,18-Sep-24,6925,34912,25162.0311
,,,,,Smuggling into Monday - Border Security Live,20-Aug-24,5609,34787,18589.8298
,,,,,Man Stood Up by Internet Bride | Border Security: Australia's Front Line,24-Jun-22,1356,34615,7816.6919
,,,,,Hunting Undocumented Workers | Border Security: Australia's Front Line,11-Jun-23,1486,34588,10208.5972
,,,,,Dripping in Sweat - Border Security Australia | DangerTV,19-Nov-24,1411,34395,7394.2014
,,,,,Boxer Busted Over Testosterone Smuggle - Border Security Australia,7-Sep-24,1411,34365,8063.5244
,,,,,Cardiac Arrest Cruise Ship Clearwater Rescue! | Coast Guard Florida | Full Episode,15-Aug-20,2553,34136,11735.4498
,,,,,Border Agents Protecting the Border from Smugglers | Border Patrol | Locked Up Abroad,7-Nov-19,1382,33951,5198.6691
,,,,,Medivac Air Rescue! | Coast Guard Alaska | Full Episode,5-Aug-20,2553,33788,13165.0022
,,,,,Daring Drug Smugglers Captured At Border! | UK Border Force,8-Jul-19,1389,33701,6034.8182
,,,,,Fake Marriage for Passport? Border Security Australia,1-Oct-24,1390,33541,7625.2407
,,,,,Border Security finds $200k worth of Cocaine in Her Belly! #smuggling #concealment #airportsecurity,17-Jan-24,50,33411,374.3498
,,,,,Big Terror? - DangerTV - Border Security Australia,22-Nov-24,1301,33240,6836.4208
,,,,,Toilet Trouble | NightGuard Security Season 1 Episode 6 | Full Episode,21-Nov-20,2471,33169,11375.073
,,,,,Deadly ATV Accident | Coast Guard Alaska | Full Episode,20-Jul-20,2554,32980,12271.1148
,,,,,UK Border Force | Expelled from the Country! | Season 2 Episode 4 - Full Episode,12-Apr-21,2660,32331,11852.374
,,,,,Boat Stuck in Heavy Waves Rescued | Coast Guard Alaska | Full Episode,18-Jul-20,2553,32239,13037.9319
,,,,,MMA Training | NightGuard Security Season 1 Episode 10 | Full Episode,4-Dec-20,2768,32210,13530.7284
,,,,,Border Security rips apart luggage and finds tons of bad stuff | Border Security: Australia's Front,2-Jun-24,1445,31996,6491.8609
,,,,,Heavily armed American family stopped at Canadian border.,6-Apr-23,38,31824,297.5018
,,,,,What happens when you can't unlock your phone at the border?,19-Mar-23,58,31821,441.121
,,,,,Couple Tries Bringing Weed Across Border | Border Security: Canada's Front Line,21-May-22,1301,31812,7684.4792
,,,,,Border Agents Search For Smugglers at Manchester Airport | Border Patrol,26-Jul-19,1384,31741,5385.9598
,,,,,Missing | NightGuard Security Season 1 Episode 2 | Full Episode,30-Oct-20,2472,31632,9053.2432
,,,,,UK Border Force Customs Agents Crackdown on Illegal Workers,5-Dec-19,2672,31492,12095.1929
,,,,,Lookin' For a Fight - Border Security Australia | DangerTV,15-Nov-24,1325,31461,6612.6454
,,,,,Running of the Bulls is Back! | Day 1 | Full Run 2022,7-Jul-22,200,31253,1073.9024
,,,,,Border Force confiscates Iranian Spices #smuggling #airportsecurity #bordersecurity,7-Jan-24,48,30959,323.0251
,,,,,Rescued from a Cruise Ship! | Coast Guard Alaska | Full Episode,27-Jun-20,2553,30850,11511.8342
,,,,,DangerTV - The Most Dangerous Place on Youtube!,5-Apr-22,31,30741,171.4306
,,,,,Mexican Drug Courier? | Border Security: Canada's Front Line,19-Nov-22,1306,30707,7188.027
,,,,,Matadors get Gored by Bulls | Spanish Bull Fighting Legends! | Part 1,5-Dec-19,2771,30680,4398.1057
,,,,,Family Business | NightGuard Security Season 1 Episode 1 Premier | Full Episode,23-Oct-20,2615,30345,9002.2922
,,,,,Sri Lanka Long Range Patrol Undergo World's Toughest Training | Special Forces,12-Apr-18,2861,30195,3586.2847
,,,,,Suspicious traveler gets a once over - Part Three,29-Mar-24,31,30174,227.5785
,,,,,Coast Guard Rescues Their Own Ship | Coast Guard: Cape Disappointment,23-Sep-20,2554,29769,9507.5212
,,,,,Agents Escalate Search After Meth Pipe Discovery | Border Security: Canada's Front Line,3-Apr-22,1311,29663,7338.2431
,,,,,Fungal Invasion - Border Patrol Binge,6-Oct-24,5550,29559,15953.1252
,,,,,Border Security breaks open blender looking for suspicious goods #bordersecurityaustralia,7-May-24,58,29518,398.0032
,,,,,What Did He Swallow?? - Wednesday Border Patrol Binge,3-Oct-24,5476,29486,19000.1695
,,,,,Strict Border Agent Questions Illegal Immigrant | UK Border Force,1-Jul-19,2649,28817,10674.1978
,,,,,New Zealand's Deadly Whakaari Volcano Eruption | Stories Of Survival,3-Mar-23,3151,28743,6960.3994
,,,,,Uncovering 2015 Bermuda Triangle Shipwreck | The Salvage Masters,30-Jun-23,2761,28504,5865.1644
,,,,,What Went Wrong | The Grenfell Tower Fire,10-Jul-23,2765,28432,6139.732
,,,,,Guns and Ammo Raise Eyebrows | Border Security: Canada's Front Line,9-Dec-22,1306,28180,6556.683
,,,,,Marine Team Searches Ship Loaded with Guns | Border Security: Canada's Front Line,13-May-22,1301,28057,6341.8764
,,,,,Veteran Cuffed After Glock Discovery | Border Security: Canada's Front Line,24-Oct-22,1306,28056,5498.9776
,,,,,Trauma Hoist Rescue! | Coast Guard Alaska | Full Episode,22-Jul-20,2554,27608,10856.9258
,,,,,Border Agents Scrub 747 | Border Security: Canada's Front Line,23-Apr-22,1286,27472,6509.036
,,,,,Agents Stop Snoop Dogg's Cousin | Border Security: Canada's Front Line,29-Apr-22,1306,27251,6356.0462
,,,,,Big Bust Marathon - Four Episodes! - DangerTV - Border Security,22-Sep-24,5459,27207,14584.4516
,,,,,Haters Gonna Hate | Border Security: Canada's Front Line,5-Nov-22,1306,26738,5804.9063
,,,,,Medivac Rescue! | Coast Guard Alaska | Full Episode,4-Jul-20,2553,26729,10321.7559
,,,,,The Airport Security Check says No Self Defense for You!,5-Dec-23,30,26691,181.6307
,,,,,100 Foot Wave | Nazare Calling | Full Length Documentary,19-Sep-21,3485,26625,3640.1913
,,,,,Banned for past crimes - Border Security Australia,29-Sep-24,1400,26539,5875.4009
,,,,,Ghostbusters | Border Security: Canada's Front Line,14-Dec-22,1306,26422,6467.6311
,,,,,Busted - Go to Trial - Border Security Australia - Border Security Australia,31-Oct-24,5451,26360,14607.6356
,,,,,Why So Serious? - Border Patrol Binge,8-Oct-24,5349,26333,15965.3375
,,,,,Searching for Bridge Jumper in Shark Infested Waters! | Coast Guard Florida | Full Episode,28-Aug-20,2553,26268,8296.2254
,,,,,Hurricane Katrina New Orleans Hospital Disaster | Trapped Emergency | Nature Documentary,27-Apr-18,2986,26069,6208.5658
,,,,,Airport Security confiscates millions of Yen from traveler #bordersecurity #moneyheist #paycheck,30-Dec-23,39,25959,184.3561
,,,,,Death Sentence #borderpatrol #uk,21-Aug-23,46,25677,310.0866
,,,,,Agents Make Discovery on American Tug | Border Security: Canada's Front Line,15-May-22,1301,25673,6360.6902
,,,,,Dangerous Accident Rescue! | Coast Guard Alaska | Full Episode,24-Jul-20,2554,25660,10436.3049
,,,,,Bag spilling with food surprises Border Security in Australia #borderpatrol,23-Apr-24,56,25477,283.5579
,,,,,Border Security tears apart machine parts #smuggling #bordersecurity #borderpatrol,1-Apr-24,55,25445,319.1287
,,,,,Party Boy Profiling!,27-Dec-23,44,25339,259.4407
,,,,,Past Crimes - Border Security Australia,30-Jul-24,1356,25300,5063.5068
,,,,,Border Patrol uncovers heroin hidden in makeup #borderpatrol #customs #smuggling,1-Feb-24,35,25280,241.2752
,,,,,End of Weekend Border Binge!,20-Oct-24,5613,25126,13118.9582
,,,,,Really stupid way to smuggle drugs #smuggling #bordersecurity,29-Dec-23,38,25122,248.0466
,,,,,Warrant Issued - Friday Afternoon Border Binge,18-Oct-24,5483,25013,13968.7512
,,,,,This is why you can't bring fluids on planes #airportlife #bordersecurity #airportsecurity,4-Jan-24,25,24902,172.8476
,,,,,Australian Border Marathon - From Student Visas to LOTS of contraband,3-Sep-24,5554,24775,11894.4323
,,,,,Lip FillerÊ - Border Security Australia | DangerTV,12-Nov-24,1416,24734,5507.4043
,,,,,Hillbilly Heroin - Border Security Australia | DangerTV,7-Nov-24,1356,24640,5006.3083
,,,,,Ferrari Tests Positive Drugs | Border Security: Australia's Front Line,18-Jul-22,1276,24361,5295.3663
,,,,,Belly Full of Bad Ideas - Border Security Australia | DangerTV,11-Nov-24,1316,24356,4948.3131
,,,,,Banned for Three Years - Border Security Australia,29-Oct-24,5515,24310,11179.4688
,,,,,Coast Guard Swimmer Rescue! | Coast Guard PNW - Cape Disappointment Pacific Northwest | Full Episode,7-Sep-20,2553,24110,8373.765
,,,,,Make sure you declare the clothes you are wearing too!,19-Jul-24,45,24074,260.7847
,,,,,Police Dog Famous for Hunting Killers | London K-9 Unit,20-Nov-21,2775,24069,6128.8948
,,,,,Family Lost in the Wilderness - Rescue | Coast Guard Alaska | Full Episode,31-Jul-20,2553,24064,9102.7171
,,,,,What exactly is in her shoes?? #smuggling #airportsecurity #borderforce,5-Jan-24,44,24053,253.6956
,,,,,8 Years in Prison - Weekend Border Binge!,26-Oct-24,5340,24019,12571.7043
,,,,,Is she a real model? - Thursday Border Patrol Binge,3-Oct-24,5530,23826,11458.1502
,,,,,Guess Who's Smuggling Hash Brownies? | Border Security: Canada's Front Line,26-Oct-22,1306,23750,5598.8318
,,,,,Is Adultery Illegal in Canada? He's about to find out! #adultry #bordersecurity #customs,2-Jan-24,43,23722,246.493
,,,,,Sunday at the Canadian Border - Border Security Canada,30-Sep-24,5255,23466,12226.1447
,,,,,They'll just ship Khat as anything #khat #bordersecurity #smuggling #concealment,1-Jan-24,38,23311,215.6016
,,,,,Hunting Poachers & Human Traffickers | Border Security: Australia's Front Line,8-Oct-22,1341,23143,6050.1961
,,,,,Missing Man Rescue! | Coast Guard Alaska | Full Episode,7-Aug-20,2554,22878,9138.3507
,,,,,"If you go to Malaysia, they will scan your belly",30-Nov-23,45,22739,218.1729
,,,,,Sinking Ship Rescue! | Coast Guard Alaska | Full Episode,3-Aug-20,2553,22710,9413.3697
,,,,,Border Security Australia rips apart bags looking for sausages #sausage #border,2-May-24,30,22690,189.7565
,,,,,Tattoo Artist Planning to Work Illegally in Canada | Border Security: Canada's Front Line,10-Jun-22,1301,22687,5487.668
,,,,,Border Patrol tears apart RV looking for illicit crumbs #borderpatrol #bordersecuritycanada,16-Apr-24,58,22370,277.9724
,,,,,They Don't Sell That Here - Border Dinner Ingredient Broadcast,16-Oct-24,5520,22055,11527.3297
,,,,,Hunter With Illegal Guns? | Border Security: Canada's Front Line,27-May-22,1311,21904,5417.4154
,,,,,"Go ahead, frisk me baby! #customs #airportlife #blinddate",29-Jan-24,15,21807,123.7623
,,,,,This kid is brave #smuggling #bordersecurity #marijuanalegalization,1-Jan-24,53,21687,220.0225
,,,,,Counterfeit Passport | Border Security: Australia's Front Line,18-Jun-22,1366,21537,3658.2137
,,,,,Dog Rescue at Sea! | Coast Guard PNW - Cape Disappointment Pacific Northwest | Full Episode,5-Sep-20,2553,21525,8027.8702
,,,,,Tobacco Raid | Border Security: Australia's Front Line,21-Aug-22,1390,21501,5731.6912
,,,,,Border Agents Break out Machine Guns | Border Security: Australia's Front Line,29-Aug-22,1325,21481,5494.0912
,,,,,Border Patrol cracks down on Illegal immigration - UK Border Force,25-Sep-24,5405,21424,8123.6077
,,,,,It's like medicinal man ... Border Security Australia,23-Sep-24,7011,21352,11671.2399
,,,,,Fisherman Stopped With Drugs | Border Security: Canada's Front Line,23-May-22,1301,21332,5093.355
,,,,,Mushrooms and Coke - Hump Day Border Binge!!!,23-Oct-24,5918,21214,11337.1123
,,,,,72 Hours Behind the Scenes of an Iraqi War ER Unit,5-Dec-19,2972,21065,5192.4725
,,,,,Traces of Cocaine on Snowboarder's ID | Border Security: Canada's Front Line,27-Apr-22,1301,21029,5005.8097
,,,,,Is the juice hiding the juice? #canadaborder #smuggling,9-Apr-24,38,20926,202.7747
,,,,,Broken the Law? You can't go to Canada! #bordersecurity #airportsecurity #customs,9-Jan-24,36,20801,171.0336
,,,,,Sunday Morning Border Security,19-Aug-24,5535,20382,11032.845
,,,,,Lady Gaga Super Fan or Something More? | Border Security: Canada's Front Line,31-Oct-22,1306,20341,4720.2744
,,,,,Money Sniffing Police Dog | Border Security: Canada's Front Line,9-May-22,1301,20177,4810.9371
,,,,,Customs Finds a...Tiger Head? | Border Security: Canada's Front Line,30-Oct-22,1306,20174,4746.7191
,,,,,Man Swallows Cocaine Packets | Border Security: Australia's Front Line,20-Jun-22,1330,20148,4182.5232
,,,,,Border Security spots something suspicious in some packages #smugglingÊ #bordersecurityaustralia,29-Apr-24,21,20054,116.0905
,,,,,Long-Range Container Ship Medivac | Coast Guard: Cape Disappointment,12-Sep-20,2553,19836,7429.5315
,,,,,From Bali to the Bathroom - Is she smuggling? #borderforce #bordersecurity #bali,15-Jan-24,42,19628,184.209
,,,,,Man Crushed by Motorcycle Rescue! | Coast Guard Alaska | Full Episode,27-Jul-20,2553,19529,7916.2413
