Date,Views,Watch time (hours),Average view duration,Estimated revenue (USD),Video title,Video publish time,Duration,Video views,Watch time (hours),Subscribers,Video estimated revenue (USD)
11/26/24,171037,51015.5181,0:17:53,1769.498,Man Crushed by Motorcycle Rescue! | Coast Guard Alaska | Full Episode,27-Jul-20,2553,19529,7916.2413,6,256.222
11/25/24,176898,53665.4238,0:18:12,1702.493,Big Bird Nest Business,12-Dec-23,49,8676388,105342.6384,5186,1055.826
11/24/24,179004,55042.6822,0:18:26,1696.241,Border Security breaks open phones looking for narcotics #borderforce,27-Apr-24,51,5906691,75336.5392,5612,1275.448
11/23/24,162381,49839.838,0:18:24,1580.749,Border Force cuts open childhood Teddy Bear #airportsecurity #bordersecurity #teddybear,10-Jan-24,46,3849925,47380.6033,3889,597.478
11/22/24,161343,49889.6758,0:18:33,1765.839,What's in the Pot?,17-Jul-23,44,2949855,30311.6721,2833,435.578
11/21/24,145179,45654.7311,0:18:52,1627.958,"Unfiltered: Mike Tyson's Life, Mistakes, Redemption: See it before Mike Tyson vs Jake Paul",12-Nov-23,5175,1850564,1054520.397,4719,35664.652
11/20/24,135599,40106.2832,0:17:44,1423.622,UK Customs Agents Bust Criminals | Customs,7-Nov-19,1388,1797880,291888.0484,3268,6975.356
11/19/24,162843,47131.5368,0:17:21,1738.846,Sent home by border control #airportsecurity #travel #girlfriend #goinghome,25-Feb-23,42,1714935,19392.0024,3281,198.248
11/18/24,160242,48032.6881,0:17:59,1716.261,What's Hiding Under Her Clothes? | Border Security: Australia's Front Line,18-Jan-24,1328,1631533,255273.6689,3478,12221.457
11/17/24,176726,52705.8001,0:17:53,1749.097,What happens if your luggage tests positive for illegal substances at the airport? #airportlife,7-Mar-24,54,1522125,20887.6137,3098,316.202
11/16/24,182631,57539.7738,0:18:54,2013.325,UK Border Force | Family Business of Illegals! | Season 2 Finale Episode 10 - Full Episode,21-Apr-21,2696,1115817,306550.3891,1776,10086.682
11/15/24,225959,74349.3846,0:19:44,2989.79,Granny's $250K Heroin Haul | Border Security: Australia's Front Line,28-Dec-23,1331,1101731,239970.5773,2431,10992.837
11/14/24,173018,56395.9355,0:19:33,1923.023,Customs Officials Fight off Nasty Smugglers! | Customs,4-Dec-19,1381,1062908,176594.8809,1615,5640.809
11/13/24,150912,45897.2,0:18:14,1471.448,UK Border Agents at War | Border Patrol,7-Nov-19,1387,1004921,184802.6344,3327,3345.802
11/12/24,158149,44272.471,0:16:47,1491.109,UK Border Patrol Agents Arrest a Drunk & Catch a Smuggler | Locked up Abroad,7-Nov-19,1383,860157,171764.7665,1791,4699.519
11/11/24,154486,43894.5662,0:17:02,1367.082,Woman Gives Customs a Hard Time | Border Security Australia,5-Mar-23,1373,839545,173585.1258,1677,8241.489
11/10/24,136119,40881.4055,0:18:01,1142.462,Man questioned at border after visit to casino #bordersecurity #borderpatrol #cops,5-May-23,60,745118,10878.3365,901,138.148
11/9/24,136607,40606.6024,0:17:50,1103.845,Mayday Ship Sinking! | Coast Guard Alaska | Full Episode,13-Jun-20,2554,739257,182027.4599,3399,5658.496
11/8/24,133740,39278.1196,0:17:37,1229.707,Border Patrol tears apart American's truck looking for rifle #borderpatrol  #canada,11-Apr-24,50,731864,9459.3572,354,161.834
11/7/24,136986,39705.9958,0:17:23,1173.276,Thai Heroin Smugglers | Border Security: Australia's Front Line,2-Sep-22,1330,714929,116427.5773,1039,5212.905
11/6/24,127882,36161.0155,0:16:57,998.697,Uncovering History's Largest Cruise Ship Wreck | The Salvage Masters,14-Apr-23,2665,690449,97631.0388,1412,4635.397
11/5/24,124505,35519.5383,0:17:07,1250.054,Border Security Australia Marathon - Six Episodes of Wild Passengers,10-Jun-24,7892,683284,616240.8773,727,13755.96
11/4/24,144442,41130.1143,0:17:05,1794.905,UK Border Patrol Agency Plays Cat & Mouse with Smugglers! | Locked Up Abroad | Borders,4-Dec-19,2656,669513,219853.0073,1346,5005.295
11/3/24,150863,45200.5443,0:17:58,2007.301,UK Customs Agents Search for Drugs! | Border Patrol!,7-Nov-19,1379,663941,148811.7199,626,3804.972
11/2/24,127143,38447.5352,0:18:08,1745.227,UK Customs Agents Bust a Drug Smuggler! | Border Patrol,7-Nov-19,1382,639107,117494.4138,790,3684.063
11/1/24,149949,45058.6182,0:18:01,2190.328,UK Border Agency at War | Border Patrol,7-Nov-19,1388,637007,131477.5754,719,2377.822
10/31/24,121419,38867.5631,0:19:12,1985.888,Border Agents Find Suspicious Packages | Nothing to Declare? | Border Patrol,5-Dec-19,1379,635376,144371.3905,565,3826.446
10/30/24,123197,38947.2894,0:18:58,1914.952,'Body Packer' Loses It | Border Security: Australia's Front Line,25-Jan-24,1320,599775,118187.7702,1018,5412.214
10/29/24,121606,39063.7535,0:19:16,1871.023,Drug Mule or High-End Escort? | Border Security: Australia's Front Line,18-Oct-23,1330,576216,99365.0178,755,2692.72
10/28/24,120734,38214.7775,0:18:59,1747.861,Biggest Pill Bust Ever - Border Security Australia,2-Aug-24,1385,552975,96213.3758,886,5276.105
10/27/24,127769,43214.3215,0:20:17,1768.576,UK Border Guard Checks Student Visa For Possible Breach | Border Patrol,21-Jun-19,2615,552746,197811.4959,578,4085.209
10/26/24,130593,43803.6624,0:20:07,1768.642,Australian Border Security tears apart woman's groceries,19-Mar-24,53,538283,6783.0015,300,114.687
10/25/24,126114,40913.6194,0:19:27,1782.794,UK Border Security Agents Bust a Grandma | Customs,7-Nov-19,1380,524614,94809.3752,863,2700.894
10/24/24,118669,37411.258,0:18:54,1673.328,Indian Family's Travel Dilemma | Border Security: Australia's Front Line,11-Jan-24,1326,520888,110486.3431,595,4097.748
10/23/24,129480,41627.2751,0:19:17,1780.249,US Airman Smuggles Heroin | Border Security: Australia's Front Line,30-Jul-22,1345,518822,90979.441,666,4960.956
10/22/24,143248,47666.8589,0:19:57,2004.278,Border Security: Australia Live Stream Marathon!,13-May-24,12866,497356,760013.7112,327,10283.348
10/21/24,121365,39502.946,0:19:31,1544.313,"Guess Who's Smuggling Hash Brownies? | ""Customs: Remastered"" 4k",21-Jun-23,1382,494330,97864.1439,631,3324.302
10/20/24,114162,36561.4199,0:19:12,1417.194,Border Security Agents Fight Smugglers | Border Patrol,2-Aug-19,1380,483704,99007.0357,490,1874.079
10/19/24,109669,36118.3053,0:19:45,1418.558,Busted Live - DangerTV Border Security Marathon,24-Jun-24,8335,470371,401665.6715,432,7725.192
10/18/24,121236,38867.1713,0:19:14,1665.479,"Devastating Joplin, Missouri Tornado - May 22, 2011 & Aftermath | Full Documentary",27-Sep-20,2652,468810,53641.1692,1261,2592.176
10/17/24,136526,42982.9919,0:18:53,1763.402,UK Border Patrol Force Customs Agents Capture Illegal Drugs | Locked Up Abroad | Borders,7-Nov-19,2662,460875,172851.1014,434,3300.907
10/16/24,120799,40066.5882,0:19:54,1555.782,Why is Passenger Flustered? | Border Security: Australia's Front Line,30-Dec-23,1321,457934,109850.7664,753,4398.944
10/15/24,116753,37372.518,0:19:12,1358.414,Matadors get Gored by Bulls | Spanish Bull Fighting Legends!,7-Nov-19,347,455680,18113.0752,1176,32.909
10/14/24,130082,41843.5472,0:19:18,1308.749,UK Border Patrol Investigates Potential Pakistan Illegal Immigrant | UK Border Force,19-Jun-19,2667,433854,152975.0342,394,3348.017
10/13/24,138218,43905.0702,0:19:03,1391.999,UK Border Force Customs Agents Find Human Traffickers | Border Patrol,5-Dec-19,2653,395069,150759.4715,365,3122.515
10/12/24,124091,39211.7974,0:18:57,1343.262,Drug Sniffing Dog Hits Jackpot | Border Security: Canada's Front Line,23-Mar-22,1311,394797,65768.5849,503,3469.059
10/11/24,131979,43051.9427,0:19:34,1475.013,A Strange Traveler Search | Border Security: Australia's Front Line,1-Oct-23,1395,387296,92812.895,318,4262.078
10/10/24,127742,39506.457,0:18:33,1304.248,Bringing $400k Through Customs | Border Security: Canada's Front Line,23-Oct-22,1301,386398,69102.0755,846,3659.013
10/9/24,120089,36175.989,0:18:04,1263.315,Border Security tears apart shocking items #smuggling #shocks,23-Apr-24,47,379767,4152.0936,273,80.155
10/8/24,140838,43921.3462,0:18:42,1499.146,Meth Smuggled in Phone Chargers | Border Security: Australia's Front Line,10-Mar-24,1341,377766,79989.916,453,3700.172
10/7/24,167131,52061.5615,0:18:41,1782.909,Traveler's Secret Revealed by X-Ray | Border Security: Australia's Front Line,8-Feb-24,1318,369382,85538.1436,414,3833.628
10/6/24,156131,50450.1681,0:19:23,1579.124,Model Smuggling Cocaine? | Border Security: Australia's Front Line,7-Sep-22,1325,357662,73166.6885,377,3195.218
10/5/24,137489,45635.3025,0:19:54,1438.629,Border Agents Search For Hidden Drugs at Gatwick Airport | Customs,29-Jul-19,1379,356718,49554.6049,919,1288.324
10/4/24,135664,45661.5621,0:20:11,1494.209,They Seized His Gold and Money for ... reasons,27-Dec-23,33,352856,3072.6385,214,45.042
10/3/24,144261,49696.7081,0:20:40,1584.252,Hidden Ingredients | Border Security: Australia's Front Line,15-Feb-24,1337,352482,86630.4859,370,3506.59
10/2/24,141168,49216.6592,0:20:55,1515.039,Border Security Agents Fight a Constant Battle Against Smugglers | Border Patrol,7-Nov-19,1381,350168,77292.2648,292,1399.921
10/1/24,141128,49808.317,0:21:10,1490.388,Cocaine Packed Pills | Border Security: Australia's Front Line,24-Mar-24,1441,348583,82214.5864,429,3855.767
9/30/24,158736,59224.2006,0:22:23,1783.498,Tourist's Big Mistake | Border Security: Australia's Front Line,4-Jan-24,1331,336952,87008.0027,337,3060.366
9/29/24,168051,61482.581,0:21:57,1858.27,Not so smart smuggling concealment,5-Dec-23,46,332773,3876.4152,245,8.039
9/28/24,157377,60652.5425,0:23:07,1866.329,"Positive Drug Tests: Heroin, LSD | Border Security: Australia's Front Line",16-Nov-23,1406,328198,81469.7826,376,3686.153
9/27/24,166569,66914.4716,0:24:06,2124.633,Serial Drug Offender | Border Security: Australia's Front Line,28-Mar-24,1330,327798,70612.6863,237,3684.269
9/26/24,165242,62370.8284,0:22:38,2058.205,Dr's Wife Swoons Under Questioning | Border Security: Australia's Front Line,27-Jan-24,1328,322810,63390.6426,282,2775.255
9/25/24,180608,66081.7541,0:21:57,2277.154,Searching for a Killer on Parole | Manhunt: Catch Me If You Can | Season 1 Episode 3,11-Apr-22,2696,311336,95989.1492,922,3412.516
9/24/24,164942,63042.4435,0:22:55,1982.812,Overdose at Customs? | Border Security: Australia's Front Line,30-Jul-23,1361,310545,74025.0395,636,3068.703
9/23/24,168135,62651.9639,0:22:21,1995.191,Transgender Traveler's Illegal Work Intentions | Border Security: Australia's Front Line,1-Feb-24,1330,308960,67227.3068,321,2662.17
9/22/24,185621,72360.1827,0:23:23,2093.019,Cancelled Visa | Border Security: Australia's Front Line,14-Dec-23,1356,307110,81287.5532,185,1648.056
9/21/24,174791,66694.6321,0:22:53,1970.398,Attempting to Bribe a Customs Officer? | Border Security: Australia's Front Line,6-Jan-24,1336,302648,69219.1135,289,3039.916
9/20/24,173993,64189.7999,0:22:08,2033.062,Alive in the Andes | Trapped,21-Mar-18,3001,298430,56070.7071,1287,1387.775
9/19/24,195355,69616.2396,0:21:22,2450.057,Traveler Casts Spell on Officers | Border Security: Australia's Front Line,20-Jan-24,1385,296584,64480.6099,210,2776.202
9/18/24,156748,57081.4581,0:21:50,1861.495,Gang Territory | NightGuard Security Season 1 Episode 12 | Full Episode,16-Dec-20,2748,296443,84674.0517,2248,
9/17/24,192080,68249.9821,0:21:19,2233.869,Oh Canada Live Stream! Border Security Canada Starts Now!,26-Jun-24,6414,292194,223962.0413,259,4456.38
9/16/24,176007,67937.9416,0:23:09,2049.42,Package Discovery Prompts Emergency Phone Call | Border Security: Australia's Front Line,14-Apr-24,1291,284705,63826.8173,243,2563.777
9/15/24,186216,66885.5022,0:21:33,1861.432,Hot Pursuit | NightGuard Security Season 1 Episode 5 | Full Episode,16-Nov-20,2584,277629,58865.2579,2845,
9/14/24,164041,63364.6055,0:23:10,1703.765,Revelation of a Dark Past | Border Security: Australia's Front Line,23-Nov-23,1376,277147,72038.8077,206,2977.493
9/13/24,157359,50516.828,0:19:15,1540.591,Border Agents Fight Against Smugglers | UK Border Patrol,7-Nov-19,1389,274018,66326.4902,183,1051.378
9/12/24,157730,49637.9534,0:18:52,1527.369,Israeli Woman's Bag Tests Positive for Heroin | Border Security: Australia's Front Line,17-Sep-23,1346,267547,60656.6234,293,2712.223
9/11/24,161352,50946.6668,0:18:56,1432.885,Traveling With Fake Passports | Border Security: Australia's Front Line,6-Oct-23,1336,265311,60694.5706,337,2866.297
9/10/24,190904,64640.9254,0:20:18,1805.199,Man Overdoses While Trying to Hide Drugs From Customs | Border Security: Canada's Front Line,12-Jun-22,1301,259479,48421.6217,314,2401.01
9/9/24,188952,62810.8296,0:19:56,1661.603,More Than A Fashion Crime | Border Security: Australia's Front Line,3-Feb-24,1302,259032,61580.0661,183,2335.006
9/8/24,192975,60295.9454,0:18:44,1491.1,Refusing a Frisk Search at the Border | Border Security: Australia's Front Line,26-Feb-23,1278,258380,41165.3216,709,1923.078
9/7/24,183051,55816.903,0:18:17,1394.765,Border Security tears apart delicious fruit looking for illegal substances #bordersecurity,5-Apr-24,58,255545,3398.2531,326,54.268
9/6/24,164559,49290.8609,0:17:58,1376.977,Smuggling Scheme Unraveled | Border Security: Australia's Front Line,15-Oct-23,1316,252053,59109.5425,428,2516.188
9/5/24,169079,50070.0486,0:17:46,1363.915,Friday's Big Border No No's - Border Security Australia,26-Jul-24,7059,248280,156026.1046,186,4367.866
9/4/24,146055,44113.0749,0:18:07,1120.044,Romanian Extradition Warrant | Border Security: Australia's Front Line,27-Oct-23,1321,248066,52970.038,178,611.069
9/3/24,154763,44103.678,0:17:05,1131.248,Drug Smuggling Team | Border Security: Australia's Front Line,10-Oct-22,1325,238965,52332.8181,347,2510.27
9/2/24,152229,42077.4274,0:16:35,958.826,$8k Fine For What?!?! | Border Security: Australia's Front Line,5-Nov-23,1321,233724,55213.5708,186,2364.883
9/1/24,155353,42973.809,0:16:35,1007.686,Refusing a Search at Customs | Border Security: Australia's Front Line,28-May-23,1456,232267,51450.7835,303,2493.075
8/31/24,170522,45360.308,0:15:57,1168.399,UK Couple Fails to Declare | Border Security: Australia's Front Line,17-Feb-24,1275,228893,49634.6335,145,2174.374
8/30/24,142786,39001.8311,0:16:23,1072.626,UK Border Patrol Security Customs Agents Defending the Border | Locked Up Abroad,7-Nov-19,1380,224055,53855.026,173,1356.296
8/29/24,180260,45394.0616,0:15:06,1312.557,Banned by Border Patrol - Border Security Binge Starts Now,18-Jun-24,8092,223000,201775.4325,147,2701.231
8/28/24,165969,36063.2279,0:13:02,997.481,Rookie Drug Dog Find a Mule | Border Security: Australia's Front Line,4-Oct-23,1416,222719,56827.0606,189,2307.94
8/27/24,176845,41788.3352,0:14:10,1133.009,"German Keeps Cool After $450,000 Heroin Bust | Border Security: Australia's Front Line",29-Oct-23,1271,222510,48067.1867,227,2158.223
8/26/24,205851,49406.9446,0:14:24,1311.179,Broke Canadian's Entry at Risk | Border Security: Australia's Front Line,17-Mar-24,1376,222309,51860.2394,156,2448.898
8/25/24,187140,45332.821,0:14:32,1076.151,Customs Discovers Suitcase Full of Marijuana | Border Security: Canada's Front Line,4-May-22,1301,219712,39917.3473,286,1733.947
8/24/24,216505,43296.4293,0:11:59,1118.822,Unsettling Behavior Raises Red Flags | Border Security: Australia's Front Line,4-Apr-24,1366,219014,51560.2985,165,2238.339
8/23/24,240915,48703.4644,0:12:07,1359.439,UK Customs Drug Sniffing Security Dogs | Border Patrol,5-Dec-19,1388,214172,50507.6958,164,1212.358
8/22/24,204685,43278.0048,0:12:41,1189.459,"Only an ""Occasional"" Drug Dealer | Border Security: Australia's Front Line",3-Mar-24,1406,213213,51966.9918,167,2110.194
8/21/24,214679,42746.1072,0:11:56,1115.539,How to Spot a Drug Mule | Border Security: Australia's Front Line,14-May-23,1521,212474,57823.066,197,2395.353
8/20/24,186075,44398.8202,0:14:18,1154.355,Coast Guard Alaska | Season Four Episode 1 Premiere! | Full Episode,1-Aug-20,2553,210904,58200.2781,991,2660.19
8/19/24,209028,49031.0108,0:14:04,1339.175,Aussies Caught with Huge Pill Stash | Border Security: Australia's Front Line,22-Feb-24,1385,209931,53454.7815,95,2113.547
8/18/24,178665,45621.4808,0:15:19,1124.454,Helicopter Wars | Vietnam Firefight! | Season 1 Episode 2 | Full Episode,28-Mar-21,3010,207630,42040.2453,851,1641.062
8/17/24,145119,36001.4007,0:14:53,940.981,Dangerous Pedophiles | Asia's Underworld | Full Episode,21-Mar-18,1420,203979,23504.7793,1135,71.824
8/16/24,136961,34603.9114,0:15:09,1047.958,Why is She Traveling With $20k? | Border Security: Australia's Front Line,4-Jun-23,1521,202196,53774.8206,191,2190.019
8/15/24,160673,40840.621,0:15:15,1271.131,Irishman's Luck Runs Out  | Border Security: Australia's Front Line,7-May-23,1496,200500,57615.3752,150,2122.387
8/14/24,153073,39081.7351,0:15:19,1118.489,Wedding Scouting Riddle | Border Security: Australia's Front Line,3-Nov-23,1376,198506,50096.1,170,2013.63
8/13/24,184990,49284.4456,0:15:59,1415.16,Lost at Sea! | Coast Guard Alaska | Full Episode,6-Jun-20,2554,196466,63132.3471,543,2012.156
8/12/24,174590,46901.3707,0:16:07,1251.143,Customs Discovers 70G of Heroin Smuggled...Internally | Border Security: Australia's Front Line,23-Jul-23,1356,196192,46833.1465,238,2076.23
8/11/24,191844,53036.0595,0:16:35,1553.226,Searching for a Domestic Terrorist | Manhunt: Catch Me If You Can | Season 1 Episode 2,9-Apr-22,2685,194617,63764.2063,805,
8/10/24,173336,47994.4146,0:16:36,1428.925,Bag Contents Raise Doubts | Border Security: Australia's Front Line,13-Jan-24,1268,194502,43164.3992,130,1873.684
8/9/24,185704,50676.5204,0:16:22,1496.561,Hot Mess at the Border - Border Security Australia - DangerTV,16-Sep-24,6855,192508,129275.1489,158,4627.175
8/8/24,192580,48170.8475,0:15:00,1404.643,Nothing to Declare - Border Security Australia,4-Jul-24,1356,190206,37130.8307,250,1713.762
8/7/24,216489,51966.9734,0:14:24,1373.063,Going in Raw - Border Security Australia,27-May-24,1431,190162,33600.9285,193,1143.238
8/6/24,229146,53590.6608,0:14:01,1388.384,Saturday Bust-a-thon - Border Security Australia - DangerTV,14-Sep-24,6990,187765,134787.9079,159,4582.027
8/5/24,238312,56633.243,0:14:15,1586.524,Clearing Shipwrecks From Dutch Waterways | The Salvage Masters,5-May-23,2631,187247,35263.1583,510,1487.099
8/4/24,239064,61648.5358,0:15:28,1555.298,How to Flirt Your Way Through Customs | Border Security: Australia's Front Line,9-Jul-23,1301,183102,34906.6765,160,1650.85
8/3/24,206334,53692.4925,0:15:36,1398.493,Bringing in a Biohazard | Border Security: Australia's Front Line,10-Feb-24,1321,179329,42897.3377,127,1819.029
8/2/24,199560,57249.8309,0:17:12,1541.749,American's Colossal Customs Blunder | Border Security: Australia's Front Line,31-Mar-24,1296,179290,37649.3293,116,1719.218
8/1/24,194126,57386.1618,0:17:44,1421.353,Brisbane Airport Evacuation | Border Security: Australia's Front Line,20-Oct-23,1325,176527,45045.079,131,1770.977
7/31/24,149623,45473.5765,0:18:14,1095.23,UK Border Force | Suspicious Cash at Heathrow Airport | Season 2 Episode 9 - Full Episode,19-Apr-21,2691,174119,71983.289,120,1773.855
7/30/24,157538,47806.0754,0:18:12,1165.032,Hong Kong Heroin Contraband | Border Security: Australia's Front Line,5-Aug-22,1390,171170,40585.14,140,1873.997
7/29/24,152048,52505.3229,0:20:43,1340.785,Identical Documents Raise Red Flags | Border Security: Australia's Front Line,7-Mar-24,1330,170709,37614.4245,107,1749.098
7/28/24,153587,55483.5269,0:21:40,1322.738,Seized: Aussie's Weapons Stash | Border Security: Australia's Front Line,21-Dec-23,1304,169978,38342.3463,92,1347.782
7/27/24,157490,55193.6383,0:21:01,1457.754,Woman caught lying at the border #bordersecurity #immigration #boyfriend #fianc√©e #travel #caught,1-Mar-23,44,169595,2253.9467,200,24.108
7/26/24,172536,59140.1369,0:20:33,1636.43,Criminal Record Threatens Cross-Border Relationship | Border Security: Australia's Front Line,7-Dec-23,1385,168555,42847.0141,84,1914.119
7/25/24,183363,54744.5436,0:17:54,1582.637,Backpacker Sets Off Drug Alarms | Border Security: Australia's Front Line,15-Sep-23,1336,167005,41834.3913,129,472.931
7/24/24,160316,47418.9911,0:17:44,1252.241,Korean Cocaine Trafficker | Border Security: Australia's Front Line,5-Oct-22,1296,164444,36294.357,161,1794.829
7/23/24,176866,52697.0879,0:17:52,1409.686,Access Denied - Border Security Australia shuts it down,17-Jun-24,1400,162130,37093.5026,188,1384.086
7/22/24,146585,47807.7677,0:19:34,1163.369,UK Border Force | Con Air | Season 2 Episode 6 - Full Episode,16-Apr-21,2700,161915,72135.0424,57,1835.452
7/21/24,147572,48963.4688,0:19:54,1175.359,Border Patrol informs American she can't just get a job wherever #immigration #bordersecurity,8-Apr-24,59,160970,2176.6591,104,36.107
7/20/24,147180,52396.7509,0:21:21,1268.515,Vehicle Identification VIN Number #auto #landrover,15-Jan-23,58,160928,2358.668,200,24.046
7/19/24,154693,49143.5907,0:19:03,1255.021,Traveler Meltdown at Customs | Border Security: Canada's Front Line,18-Apr-22,1301,158496,30673.3253,140,1436.348
7/18/24,167788,55285.5271,0:19:46,1502.97,Anniversary Trip Spoiled by Border Patrol | Border Security: Australia's Front Line,3-Sep-23,1376,156808,38997.1436,104,1723.666
7/17/24,172732,58675.0334,0:20:22,1527.97,Indian Traveler's Customs Oversight | Border Security: Australia's Front Line,11-Apr-24,1536,155323,43758.7325,87,1730.861
7/16/24,180864,65030.95,0:21:34,1693.378,The Hidden Mother Load - DangerTV - Border Security Australia,19-Sep-24,1385,154842,32284.4178,205,2006.254
7/15/24,184097,62382.2394,0:20:19,1554.195,Heroin Twosome | Border Security: Australia's Front Line,13-Aug-22,1356,153430,37481.5074,102,382.653
7/14/24,182951,69425.9912,0:22:46,1609.941,Passengers Go Pill Crazy - Border Security Australia,21-May-24,1400,153220,25177.3094,162,663.11
7/13/24,173835,64064.5649,0:22:06,1549.707,Nervous Frenchman Raises Customs Concerns | Border Security: Australia's Front Line,7-Apr-24,1371,150626,38074.188,101,1559.954
7/12/24,175637,63066.1998,0:21:32,1565.881,Cambodian Travels With Multiple IDs | Border Security: Australia's Front Line,26-Feb-23,1458,150268,38217.5166,105,1529.761
7/11/24,216256,75488.3543,0:20:56,1883.987,Illegal Snake Boots? | Border Security: Australia's Front Line,29-Feb-24,1320,147546,29335.8879,103,1453.357
7/10/24,174379,60806.1154,0:20:55,1457.172,Peruvian Backpack Banned | Border Security Australia,11-Jul-24,1361,147528,25541.3693,74,1182.607
7/9/24,194798,72393.9073,0:22:17,1664.212,Revealing Signs: Narcotic Smuggler Caught Reacting | Border Security: Australia's Front Line,28-Apr-24,1296,147466,33045.3768,112,1334.648
7/8/24,218763,83150.3026,0:22:48,1890.465,Bali Party Fallout | Border Security: Australia's Front Line,24-Feb-24,1278,147208,34333.4715,82,1488.01
7/7/24,212589,90282.8772,0:25:28,1730.044,"Red, White, and Blue Border Security Marathon",3-Jul-24,6616,146323,118711.2503,61,1785.64
7/6/24,190747,78354.9524,0:24:38,1647.052,Baby Face Caught with $100k in Heroin | Border Security: Australia's Front Line,16-Apr-23,1351,142142,32409.6638,140,1576.703
7/5/24,193902,83302.9135,0:25:46,1807.387,Ephedrine Discovery Leads to Police Raid | Border Security: Australia's Front Line,5-May-24,1411,141108,33337.0255,116,1409.04
7/4/24,216337,95753.4922,0:26:33,2039.665,Human Trafficking Operation? | Border Security: Australia's Front Line,27-Sep-23,1390,140388,37486.347,113,1311.781
7/3/24,197653,84985.4477,0:25:47,1811.564,Man w/ Too Many Cigarettes Loses it on Customs | Border Security: Australia's Front Line,19-Mar-23,1510,139788,38757.1653,91,1267.012
7/2/24,190558,77586.2873,0:24:25,1736.935,Customs Discovers Credit Card Scam | Border Security: Australia's Front Line,21-Sep-22,1330,138952,32377.3005,130,1411.111
7/1/24,193643,79409.9442,0:24:36,1621.405,Shot in the Back! | Coast Guard Alaska | Full Episode,6-Jun-20,2553,137984,35779.1497,281,
6/30/24,223817,95218.7987,0:25:31,2445.721,Entry Denied - Border Security Australia,25-Jul-24,1321,136991,29010.6457,103,1627.766
6/29/24,225284,101880.3272,0:27:08,2665.492,"Woman Conceals 2.5 Kilos Everywhere Imaginable | ""Customs: Remastered"" 4k",18-May-23,1389,136990,21049.3297,181,1099.005
6/28/24,228848,102110.2041,0:26:46,2751.621,Double Whammy | Border Security: Australia's Front Line,4-Sep-22,1320,134719,34304.9141,95,1254.094
6/27/24,209781,85887.6354,0:24:33,2497.583,Heart-Shaped Boxes...of Meth | Border Security: Australia's Front Line,25-Apr-24,1341,132508,28712.745,227,1361.789
6/26/24,227557,88681.7374,0:23:22,2552.888,Sailors Rescued from Sinking Ship! | Coast Guard Florida | Full Episode,19-Aug-20,2553,132403,34515.268,486,
6/25/24,229217,83915.9381,0:21:57,2527.13,Can You Fly With Fireworks? | Border Security: Australia's Front Line,30-Apr-23,1486,131539,37976.7135,69,1453.428
6/24/24,235511,81035.8586,0:20:38,2284.515,Panic at the Customs Office | Border Security: Canada's Front Line,11-Dec-22,1306,130593,25701.066,141,1193.117
6/23/24,246023,78494.1334,0:19:08,2329.82,UK Border Force Customs Agents on the Front Lines | Border Patrol,4-Dec-19,2651,130546,43463.9804,146,960.577
6/22/24,226947,70775.1074,0:18:42,2090.299,Broke American Traveler | Border Security: Australia's Front Line,18-Jun-23,1426,130381,35524.5793,89,1396.089
6/21/24,213316,64703.5778,0:18:11,1985.538,Beans Gone Bad: Cocaine Plot Exposed by Customs | Border Security: Australia's Front Line,20-Aug-23,1376,126048,34194.5465,68,1160.487
6/20/24,218233,65932.0868,0:18:07,2042.569,Hong Kong Traveler with a Checkered Past | Border Security: Australia's Front Line,10-Sep-23,1330,125478,33771.7916,73,1201.838
6/19/24,237550,77293.0482,0:19:31,2235.598,Customs Stops Tricked Out Truck | Border Security: Canada's Front Line,22-Apr-22,1301,125419,21936.6567,74,958.709
6/18/24,248853,77411.1837,0:18:39,2219.159,Puppy Contraband | Border Security: Canada's Front Line,13-Nov-22,1306,124229,28506.5471,79,1083.987
6/17/24,262628,77234.2851,0:17:38,2110.59,Insane concealment #borderpatrol,29-Aug-23,58,123523,1661.3048,102,18.946
6/16/24,238156,89511.4515,0:22:33,2388.298,Bug Collector Conceals Live Cockroach | Border Security: Australia's Front Line,9-May-24,1261,122056,26985.8529,82,1216.434
6/15/24,205542,78128.2175,0:22:48,2088.228,Jamaican Frequent Flier Raises Suspicion | Border Security: Canada's Front Line,28-Oct-22,1306,121744,22791.1834,237,1293.825
6/14/24,187768,52745.7664,0:16:51,1637.724,Roughneck Pushes His Luck w/ Border Patrol | Border Security: Canada's Front Line,1-Apr-22,1311,121435,25323.3624,99,1093.991
6/13/24,220918,59120.4592,0:16:03,1745.38,Gluteal Implants Set off Sensors - Border Security Australia,22-Oct-24,1450,121270,22191.3629,161,1590.688
6/12/24,218053,57730.2278,0:15:53,1752.91,People Clinging for Life in the Ocean! | Coast Guard Florida | Full Episode,22-Aug-20,2495,120292,26933.135,318,0
6/11/24,233571,65475.0513,0:16:49,1873.754,Chilean Coke Smuggler | Border Security: Australia's Front Line,2-Jul-22,1376,119856,24555.2858,88,1163.537
6/10/24,242990,66758.6873,0:16:29,1899.02,Lost in the Wilderness! | Coast Guard Alaska | Full Episode,6-Jun-20,2553,117818,39386.0471,212,1148.297
6/9/24,216341,58982.1936,0:16:21,1630.926,Rare Orchid Smuggler | Border Security: Australia's Front Line,2-Apr-23,1295,116678,27925.6003,71,1183.072
6/8/24,212537,54684.8328,0:15:26,1578.206,"So-Called ""Tourist"" Uncovered | Border Security: Australia's Front Line",12-Sep-22,1366,116336,30964.4425,78,1188.436
6/7/24,208166,49746.2671,0:14:20,1510.233,Police Patrol the Border | Police Patrol Series! | Full Episode,19-Jun-20,3154,116313,39265.5753,361,963.249
6/6/24,236674,54341.7484,0:13:46,1677.592,The Sketchiest Hiding Spots Ever - Border Security Australia - DangerTV,19-Sep-24,5467,116172,61897.385,89,2436.93
6/5/24,259007,55934.9444,0:12:57,1679.375,Pushing the Chopper to the Limits! | Coast Guard Alaska | Full Episode,30-May-20,2553,114546,31789.8171,237,996.621
6/4/24,269031,57493.5851,0:12:49,1563.588,Ecstasy Pill Smugglers Busted! | Border Security: Australia's Front Line,14-Oct-22,1281,114073,26901.4488,88,1066.202
6/3/24,223550,49958.195,0:13:24,1379.576,Broke Brit Gets Grilled | Border Security: Australia's Front Line,8-Sep-23,1385,114056,32622.4505,52,1059.057
6/2/24,235618,55118.9033,0:14:02,1308.155,Brit Defiant After Cocaine Discovery | Border Security: Australia's Front Line,6-Aug-23,1376,113280,26721.6307,72,1179.137
6/1/24,201287,44363.0054,0:13:13,1121.078,Swallowing 143g of Heroin | Border Security: Australia's Front Line,8-Jul-22,1376,112701,24087.6747,92,1167.033
5/31/24,189969,44066.438,0:13:55,1253.844,Her Diary Leads to Bust - Border Security Australia,15-Aug-24,1385,111294,27399.4936,107,1317.172
5/30/24,215311,45301.1884,0:12:37,1372.901,"Airport Drama: Suspicion, Secrets, and Smuggled Snacks | Border Security: Australia's Front Line",8-Oct-23,1321,111294,27838.5361,75,1032.49
5/29/24,235058,49235.9453,0:12:34,1545.891,Sea Rescue! | Coast Guard Alaska | Full Episodes,27-Jun-20,2553,110416,31787.406,236,850.044
5/28/24,255406,53188.4191,0:12:29,1262.561,27000 dollars worth of cigarettes - Border Security Australia,18-Jul-24,1406,109920,26469.0245,71,1062.016
5/27/24,311931,59471.4055,0:11:26,1581.348,Rotten Surprises Revealed | Border Security: Australia's Front Line,14-Mar-24,1371,108840,26024.8287,63,1140.867
5/26/24,243197,41536.8015,0:10:14,1171.075,American Suspected of Smuggling | Border Security: Australia's Front Line,26-Sep-22,1436,108405,28308.6276,71,1070.819
5/25/24,245301,38020.6726,0:09:17,1148.978,Banned for Three Years! Border Security Australia,8-Jul-24,1406,108233,24634.1336,69,1100.257
5/24/24,294537,39903.27,0:08:07,1323.284,Breaking The Landspeed World Record at Over 400mph! | Full Length Documentary,27-May-18,2978,107943,35002.2889,184,962.385
5/23/24,294248,41595.9293,0:08:28,1354.546,Interrogating Brits over Booze and Pills | Border Security: Australia's Front Line,1-May-24,1361,107785,24730.8955,76,1059.308
5/22/24,326876,41465.7201,0:07:36,1322.218,The Real Inglorious Basterds! | True Story of the Jewish Commandos Who Inspired Tarantino | Full Doc,18-Oct-20,3093,107410,21431.7698,426,876.625
5/21/24,398375,45386.8163,0:06:50,1485.575,Hidden Ecstasy Stash Uncovered | Border Security: Australia's Front Line,10-Sep-22,1335,104847,21829.2227,70,260.119
5/20/24,416076,41570.3705,0:05:59,1286.529,Massive Meth Bust - Border Security Australia,23-Aug-24,1371,104556,23756.3549,71,1071.312
5/19/24,287490,40583.1944,0:08:28,1200.475,Customs Officer Gets Tough on a Kiwi | Border Security: Australia's Front Line,9-Apr-23,1385,102591,25510.1757,66,924.131
5/18/24,289629,38328.8412,0:07:56,1174.371,Agents Investigate a Suspicious Techie | Border Security: Canada's Front Line,6-Apr-22,1311,101664,22535.7216,60,563.714
5/17/24,315817,38985.1627,0:07:24,1312.888,Cocaine Smuggling Surfer | Border Security: Australia's Front Line,27-Jul-22,1405,101554,26835.4056,72,964.678
5/16/24,344709,42855.0957,0:07:27,1445.567,American Loses Patience w/ Australia Border Patrol | Border Security: Australia's Front Line,24-Sep-23,1281,100879,23357.7659,51,1016.783
5/15/24,337005,40637.7383,0:07:14,1299.816,Big Bag of Counterfeit Cash - Border Security Australia,22-Sep-24,5455,100809,40555.5922,77,1740.292
5/14/24,416546,44385.2469,0:06:23,1310.927,Desperate to Enter the Country | Border Security: Australia's Front Line,21-May-23,1366,98841,27261.5467,36,995.759
5/13/24,450329,47948.9293,0:06:23,1344.6,Fastest Bike in the World! | Breaking the Land Speed Record! | ACK ATTACK | Full Length Documentary,7-Nov-19,3008,98198,19004.1563,145,0.044
5/12/24,513081,42164.108,0:04:55,1214.726,UK Border Force | Illegal Immigrants Hidden in a Truck! | Season 2 Episode 7 - Full Episode,17-Apr-21,2700,97738,44596.4438,37,1027.029
5/11/24,399035,37633.7763,0:05:39,1132.088,Internet Romance Meet-Up: American's Suspicious Visit | Border Security: Australia's Front Line,21-Apr-24,1395,97263,24196.281,61,917.302
5/10/24,483273,38884.8674,0:04:49,1342.127,Caught Red Handed! | NightGuard Security Season 1 Episode 3 | Full Episode,6-Nov-20,2342,96184,28696.8196,338,
5/9/24,569588,42383.8565,0:04:27,1414.694,Criminal Past Catches Up With Man at the Border | Border Security: Australia's Front Line,13-Aug-23,1406,93040,26329.7466,45,864.018
5/8/24,558584,37948.1129,0:04:04,1218.462,Springsteen-Loving Drifter | Border Security: Australia's Front Line,22-Oct-23,1325,91324,25045.0353,30,801.465
5/7/24,594031,39328.0632,0:03:58,1250.675,Overstayed Visa by 14 Years! | Border Security: Canada's Front Line,21-Nov-22,1306,90739,18093.114,79,828.677
5/6/24,854015,46238.8881,0:03:14,1408.406,Coast Guard Florida | Season 1 - Episode 1 Premiere! | Full Episode,10-Aug-20,2553,90571,22642.6861,405,959.286
5/5/24,671506,54531.2148,0:04:52,1564.77,Customs Agents Find Smuggled Drugs | UK Border Patrol,7-Nov-19,1382,90463,20971.3878,157,139.148
5/4/24,506942,40634.6046,0:04:48,1116.813,Undocumented Worker Raid | Border Security: Australia's Front Line,25-Jun-23,1391,89107,24442.3964,44,832.349
5/3/24,424672,39500.8889,0:05:34,1246.169,Thai Masseuse's Vacation Lie | Border Security: Australia's Front Line,25-Oct-23,1341,88998,19986.7762,78,913.409
5/2/24,420354,43425.8526,0:06:11,1351.507,DJ Caught With Cocaine Residue | Border Security: Australia's Front Line,2-Jul-23,1376,88080,24174.4642,39,878.812
5/1/24,363519,49114.641,0:08:06,1521.229,Drugs Disguised as Baby Formula | Border Security: Canada's Front Line,8-Apr-22,1311,87855,21483.9837,49,208.935
4/30/24,320575,42120.983,0:07:53,1365.997,Gambler's Blues - Border Patrol on DangerTV | Border Security: Australia's Front Line,25-Jun-24,1406,87043,19748.4889,55,798.425
4/29/24,301258,46257.2723,0:09:12,1548.829,Heroin Smuggled as Incense | Border Security: Australia's Front Line,2-Oct-22,1336,86113,19949.3724,54,838.352
4/28/24,327983,56480.9199,0:10:19,1748.368,Boxes and Boxes of Busts - Border Security Live,29-Aug-24,8150,85666,85494.0124,46,2025.078
4/27/24,304540,45469.7406,0:08:57,1393.757,Border Patrol Agents Make Startling Discovery | Locked Up Abroad!,7-Nov-19,1388,84693,15779.6778,101,460.539
4/26/24,311094,46151.3077,0:08:54,1639.661,Lord of the Drug Rings | Border Security: Australia's Front Line,26-Jun-22,1296,84623,18105.4918,70,816.377
4/25/24,393638,57186.8595,0:08:43,2020.621,Wrestler's Visa Woes Down Under | Border Security: Australia's Front Line,11-Oct-23,1325,84540,22677.5054,43,797.02
4/24/24,365794,45695.7656,0:07:29,1510.578,Clash at the Border: Unruly Traveler vs. Customs Officer | Border Security: Australia's Front Line,16-Jul-23,1276,83949,18427.727,61,867.847
4/23/24,409979,45059,0:06:35,1515.058,Coast Guard Florida | Season 1 Finale! | Full Episode,31-Aug-20,2553,83508,24699.6653,209,
4/22/24,378334,43896.5581,0:06:57,1430.445,Big Surprise! | NightGuard Security Season 1 Episode 4 | Full Episode,11-Nov-20,2463,83157,18347.7411,363,
4/21/24,451691,51719.4947,0:06:52,1557.447,Agents Discover Stolen Land Rovers | Border Security: Canada's Front Line,25-Nov-22,1306,83100,18800.1022,28,480.294
4/20/24,401910,41504.2185,0:06:11,1264.504,Lightning Raids - Search Warrant Blitz | Miami SWAT,4-Jun-23,2676,82600,18879.3154,498,174.141
4/19/24,445802,45728.9495,0:06:09,1559.19,Smuggling into the Weekend - Border Security Australia - DangerTV,20-Sep-24,5432,82515,48852.2123,40,1156.867
4/18/24,490213,50203.6072,0:06:08,1722.206,UK Border Force | Illegal Workers in Southampton | Season 2 Episode 5 - Full Episode,14-Apr-21,2650,82104,37945.1554,37,792.92
4/17/24,455333,43585.3274,0:05:44,1484.693,Rescuing a Woman in Labor! | Coast Guard Alaska | Full Episode,13-Jun-20,2553,80064,28348.7489,179,796.619
4/16/24,432876,48358.7544,0:06:42,1726.624,Airport Dogs Uncover Cocaine Smuggling | Border Security: Australia's Front Line,30-Nov-23,1385,79481,14861.8407,57,1031.181
4/15/24,397357,49744.3234,0:07:30,1971.294,Endless Drug Paraphernalia - Border Security Australia,25-Sep-24,1390,79013,15557.9125,63,862.944
4/14/24,397805,59926.4409,0:09:02,2252.029,Never Hand Over Your Phone to Border Security | Border Security: Australia's Front Line,5-Jun-24,1316,78830,16455.1695,73,788.428
4/13/24,365644,42578.9075,0:06:59,1484.897,Traveler Suspected of Flying to Canada to Illegally Enter US | Border Security: Canada's Front Line,6-Jun-22,1301,78179,16053.4609,81,707.788
4/12/24,359576,44381.0021,0:07:24,1723.882,Severe Weather Rescue | Coast Guard Alaska | Full Episode,15-Jul-20,2554,77558,23892.4849,117,961.341
4/11/24,379702,48868.1486,0:07:43,1791.385,Fighting High Seas! | Coast Guard Alaska | Full Episode,20-Jun-20,2553,76877,25852.4894,77,711.862
4/10/24,360629,42917.7017,0:07:08,1506.751,Cocaine Soup | Border Security: Australia's Front Line,16-Jul-22,1346,76862,18166.9855,47,192.856
4/9/24,452147,45307.2668,0:06:00,1586.349,Mooncakes and Drug Dogs - Border Security: Australia's Front Line,13-May-24,1416,76516,13388.7152,49,559.483
4/8/24,493747,45106.6924,0:05:28,1588.589,MMA Fighter's Frequent Visits Spark Suspicion | Border Security: Australia's Front Line,21-Mar-24,1278,76411,17886.26,43,807.632
4/7/24,533046,54228.6616,0:06:06,1719.059,Coast Guard Alaska | Season 1 Episode 1 Premier | Full Episode,30-May-20,2553,76343,18598.229,289,725.517
4/6/24,461005,44531.7592,0:05:47,1429.526,Undeclared | Border Security: Canada's Front Line,27-Nov-22,1306,75492,18144.9741,47,631.749
4/5/24,514871,46137.5488,0:05:22,1593.311,Jersey Girl | Border Security: Canada's Front Line,4-Nov-22,1306,75168,15014.2957,49,628.7
4/4/24,517014,54018.3482,0:06:16,1832.556,Border Security Finds Big Game | Border Security: Australia's Front Line,18-Apr-24,1491,74419,20714.2848,25,735.685
4/3/24,483247,44417.2459,0:05:30,1453.894,"Giant German ""Guido"" Stopped at Customs | Border Security: Australia's Front Line",27-Aug-23,1385,74056,19236.1267,34,749.384
4/2/24,449640,46786.5054,0:06:14,1526.704,Inadvertent Drug Mule | Border Security: Canada's Front Line,15-Apr-22,1301,73297,16108.6693,58,731.637
4/1/24,426328,44903.3215,0:06:19,1410.695,Stopped at Border in Stolen Car | Border Security: Canada's Front Line,24-Apr-22,1301,73240,16098.3065,52,707.159
3/31/24,415838,48888.9923,0:07:03,1698.912,Traveler Pushes His Luck w/ Border Patrol #publicfreakout #travel #airport,1-Feb-23,60,71848,1120.2794,109,10.274
3/30/24,334849,42919.9687,0:07:41,1567.278,Search Dog Helps the Coast Guard find a Missing Girl! | Coast Guard Alaska | Full Episode,27-Jun-20,2553,71609,24280.3945,111,687.325
3/29/24,276566,42505.993,0:09:13,1751.132,Lost in the Water Rescue! | Coast Guard Alaska | Full Episode,7-Aug-20,2554,70847,26284.107,89,733.096
3/28/24,280081,49287.605,0:10:33,1987.977,Busted for Cigarettes - Border Security Australia,23-Jul-24,1426,70747,15072.9582,52,729.065
3/27/24,225191,40747.8652,0:10:51,1489.92,Cash Stash | Border Security: Australia's Front Line,1-Aug-22,1406,70580,19182.903,36,665.156
3/26/24,239476,42918.7614,0:10:45,1606.445,Solid Gold Bar Raises Suspicion | Border Security: Canada's Front Line,18-May-22,1296,70524,15591.6266,35,609.922
3/25/24,232752,42749.5424,0:11:01,1589.017,Heavily Armed Texan Stopped by Border Patrol | Border Security: Canada's Front Line,18-Mar-22,1311,70480,13254.9543,128,621.251
3/24/24,262818,53874.7825,0:12:17,1891.562,Rock Singer Denied Entry - Border Security Australia,9-Aug-24,1406,70268,15216.0131,32,802.389
3/23/24,195003,36797.1043,0:11:19,1304.632,Smuggling Prescription Pills | Border Security: Australia's Front Line,16-Oct-22,1301,70109,18027.3764,45,667.314
3/22/24,180468,37131.8149,0:12:20,1462.74,Party Boy's Luggage: Vitamins or Trouble? | Border Security: Australia's Front Line,13-Oct-23,1351,69835,18581.7153,23,710.699
3/21/24,207391,44310.6799,0:12:49,1719.515,Stuffy Conceals Coke | Border Security: Australia's Front Line,16-Sep-22,1330,69757,16664.1666,37,171.823
3/20/24,189712,39636.4612,0:12:32,1496.71,Saving Tsunami-Wrecked Vessel | The Salvage Masters,19-May-23,2645,69616,9945.234,113,397.971
3/19/24,199592,42046.281,0:12:38,1529.578,Manic American Has Nothing to Declare - Border Security Australia,29-Aug-24,1385,68694,16273.053,28,789.787
3/18/24,197212,43655.2392,0:13:16,1617.142,Armed Man Knows His Rights | Border Security: Canada's Front Line,17-Dec-22,1316,68406,13378.0913,42,518.177
3/17/24,222884,50649.3096,0:13:38,1721.025,Broke American Tries to Enter Australia | Border Security: Australia's Front Line,10-Aug-22,1390,67045,18027.4579,37,623.22
3/16/24,168932,36468.4613,0:12:57,1223.788,Bags Full of Illegal Drugs | Border Security: Australia's Front Line,20-Jun-24,1311,66626,13439.3593,40,693.006
3/15/24,182524,39820.3177,0:13:05,1433.035,UK Border Security Force Customs Agents Behind the Scenes | Locked Up Abroad | Border Patrol,7-Nov-19,2637,66480,20945.2064,63,501.016
3/14/24,204539,44127.4562,0:12:56,1572.684,Helicopters to the Rescue! | Coast Guard Alaska | Full Episode,20-Jun-20,2554,65869,20535.6297,114,592.693
3/13/24,175639,38671.5179,0:13:12,1348.538,Woman surprised that drugs are illegal ... Border Security Australia,25-Sep-24,5595,65842,32373.9428,48,1211.52
3/12/24,192306,42338.004,0:13:12,1441.096,Potential Sex Worker Interrogated | Border Security: Canada's Front Line,29-Oct-22,1306,65557,14069.9367,43,633.626
3/11/24,218608,47982.2564,0:13:10,1618.513,Coast Guard Cape Disappointment Pacific NorthWest | Season 1 - Episode 1 | Full Episode,2-Sep-20,2553,65379,18271.7658,263,724.427
3/10/24,261911,58100.4213,0:13:18,1809.413,Death Row Dogs | Full Length Documentary,7-Nov-19,2667,65103,12107.0999,247,327.475
3/9/24,196722,41814.7158,0:12:45,1277.856,Sea Cucumbers and Meth Markers | Border Security Australia,10-Jun-24,1336,64950,13804.9176,37,641.793
3/8/24,204076,43689.1173,0:12:50,1573.149,Live Border Security Marathon! Five Huge Episodes!!,21-Jun-24,7889,64629,46157.9212,29,969.603
3/7/24,239739,51000.4038,0:12:45,1819.85,Massive Meth Concealment - Border Security Australia,10-Sep-24,1390,64579,14510.3106,52,687.852
3/6/24,202588,43752.3873,0:12:57,1426.426,A Six Figure Fine for Illegal Immigration - Friday Border Binge,25-Oct-24,5543,64058,29324.2949,45,1304.106
3/5/24,210796,46817.5056,0:13:19,1520.682,Missing Boat Search & Rescue! | Coast Guard Alaska | Full Episode,13-Jun-20,2553,63821,24471.9337,84,
3/4/24,223672,48939.8005,0:13:07,1617.025,Just a Man and His Teddy Bear? | Border Security: Australia's Front Line,15-Aug-22,1390,63560,16555.3932,45,589.682
3/3/24,273762,60041.3479,0:13:09,1844.359,Stacks of Cash With No Story | Border Security: Australia's Front Line,24-Aug-22,1390,63385,12068.6633,47,540.158
3/2/24,224882,47441.4933,0:12:39,1428.517,Tropical Storm Isaac Rescues! | Coast Guard Florida | Full Episode,17-Aug-20,2554,63349,21609.1342,77,
3/1/24,233054,49263.8465,0:12:40,1655.697,Laptop or Bottom? - Border Security Australia,29-May-24,1381,63183,13037.4707,43,680.709
2/29/24,275052,58716.5724,0:12:48,2111.072,Massive Bust of Hidden Drugs - Border Security Australia,19-Aug-24,1281,63138,13461.8035,41,636.032
2/28/24,261965,57120.0983,0:13:04,1953.537,Bonus Monday Night Live Stream - Australia Border Security Strikes Again,1-Oct-24,5457,62890,35382.6589,43,1441.365
2/27/24,262576,56386.6349,0:12:53,1872.278,Fighting Huge Waves - Rescue | Coast Guard Cape Disappointment Pacific Northwest | Full Episode,19-Sep-20,2553,62094,16055.5951,107,704.422
2/26/24,255527,54736.0833,0:12:51,1836.852,Suspicious Drunk Englishman | Border Security: Australia's Front Line,12-Mar-23,1237,61992,15237.1361,26,548.637
2/25/24,271933,57615.4952,0:12:42,1744.679,Man With Strange Past Stopped by Customs | Border Security: Canada's Front Line,20-Apr-22,1301,61919,13477.4659,40,565.4
2/24/24,295416,63052.2334,0:12:48,2015.992,UK Border Force Bust a Criminal | Royal Scam | Season 2 Episode 1 - Full Episode,9-Apr-21,2691,61210,26120.116,50,630.788
2/23/24,281766,58509.1839,0:12:27,2070.314,Cartel Busted - Border Security Australia,13-Aug-24,1395,60662,13030.7827,48,648.024
2/22/24,321532,67707.3998,0:12:38,2343.87,Escort or Girlfriend? - Border Security Australia,1-Nov-24,1371,60305,14714.9251,57,1013.737
2/21/24,317957,65217.9441,0:12:18,2185.586,Ship Wreck! | Coast Guard Alaska | Full Episode,11-Jul-20,2553,59741,20765.8688,80,585.33
2/20/24,315305,65772.3302,0:12:30,2191.689,Real Life Batman | Border Security: Canada's Front Line,2-Nov-22,1306,59547,12293.6623,37,557.75
2/19/24,317572,66248.7348,0:12:30,2077.321,Busted for Cream Cheese? Border Security Canada,27-Sep-24,5260,59015,35661.6281,35,1204.611
2/18/24,314451,67211.2117,0:12:49,2026.626,Farm Raid - Border Security Australia,5-Aug-24,1381,58394,11213.4823,26,577.894
2/17/24,354377,74496.9515,0:12:36,2384.867,No English - Border Patrol Binge,10-Oct-24,5406,58022,32166.1196,41,732.193
2/16/24,276260,54196.7864,0:11:46,1869.54,Money Launderer Stopped at Border | Border Security: Canada's Front Line,30-Apr-22,1301,57945,12671.9641,35,132.55
2/15/24,309112,62353.8062,0:12:06,2176.248,Stake Out! | NightGuard Security Season 1 Episode 9 | Full Episode,2-Dec-20,2731,57565,22061.5401,144,
2/14/24,265980,49704.9887,0:11:12,1678.5,"Busted For 100,000 Dollar Boots - Border Security Canada",30-Sep-24,5405,57473,27602.0451,39,1078.928
2/13/24,300508,54230.9241,0:10:49,1730.304,Customs Break up a Drug Ring | Border Security: Australia's Front Line,23-Apr-23,1381,57245,15159.2766,19,567.006
2/12/24,335341,59751.2716,0:10:41,1969.89,Chopper Rescue! | Coast Guard Alaska | Full Episode,30-May-20,2553,56818,20216.0976,89,
2/11/24,395500,65434.5679,0:09:55,2183.663,Drugs Onboard | Border Security: Australia's Front Line,29-Jun-22,1406,56605,15841.4478,27,549.66
2/10/24,468806,75665.5034,0:09:41,2407.093,That's Not Food in My Country - Border Security Binge!,22-Oct-24,5467,56172,32672.3861,32,1320.361
2/9/24,472325,67211.807,0:08:32,2253.367,Border Patrol Stops Tylenol Haul #borderpatrol #immigration #bordersecurity,31-Jan-24,21,55785,359.0846,63,8.119
2/8/24,557058,75139.3107,0:08:05,2441.554,Booted from the Border - Border Security Australia,7-Aug-24,1395,55665,12549.3274,32,403.453
2/7/24,492973,65060.6569,0:07:55,1964.598,Major Drug Bust Stopped - Border Security Australia,26-Aug-24,1381,55462,12792.4948,7,504.886
2/6/24,460548,65462.2288,0:08:31,1976.775,Hunt for Undocumented Workers | Border Security: Australia's Front Line,22-Sep-23,1381,55454,14469.5236,22,544.357
2/5/24,553532,72704.643,0:07:52,2155.981,You can't escape Border Security,31-May-24,4087,55181,28389.3063,24,650.589
2/4/24,632119,80235.2074,0:07:36,2076.922,Illegal King Cobra Skin | Border Security: Australia's Front Line,19-Aug-22,1345,55028,14233.8341,24,543.172
2/3/24,701181,83091.4839,0:07:06,2318.899,Suspicious Russian at the Border | Border Security: Canada's Front Line,10-Apr-22,1311,54950,13676.8938,34,484.633
2/2/24,565357,75083.8856,0:07:58,2346.182,Stopped by Customs for Being Broke? | Border Security: Australia's Front Line,24-Sep-22,1325,54866,13867.2754,20,485.39
2/1/24,615664,88124.1864,0:08:35,2723.361,Fire on Boat Rescue! | Coast Guard Florida | Full Episode,12-Aug-20,2553,54546,17605.1573,85,626.176
1/31/24,616857,71674.6,0:06:58,2423.839,So.Much.Food | Border Security Australia,15-Jul-24,1265,54534,10067.9874,32,531.29
1/30/24,620267,71532.8018,0:06:55,2373.08,American Deemed Too Sick to Enter Canada | Border Security: Canada's Front Line,13-Apr-22,1311,54174,12308.7109,29,486.479
1/29/24,575993,74725.8035,0:07:47,2370.793,Distress Signals - Border Security Australia,27-Oct-24,1356,53763,11587.8009,27,678.117
1/28/24,612521,79355.4395,0:07:46,2452.636,Kiwi With a Checkered Past | Border Security: Australia's Front Line,20-Sep-23,1346,53679,14371.7404,23,292.794
1/27/24,556749,84774.4488,0:09:08,2624.128,Romanian Boxer Stopped By Customs | Border Security: Australia's Front Line,24-Jul-22,1520,53636,16181.1026,13,462.374
1/26/24,452628,68189.8087,0:09:02,2399.595,Stranded Vessel Rescue! | Coast Guard Alaska | Full Episode,20-Jun-20,2553,53351,19216.251,58,534.084
1/25/24,541104,85470.6976,0:09:28,2943.596,Kid's Book Conceals Contraband - Border Security Australia,31-Aug-24,1330,52566,12008.3448,13,501.59
1/24/24,395861,61345.4939,0:09:17,1949.415,UK Border Force | Interpol Suspects! | Season 2 Episode 8 - Full Episode,18-Apr-21,2665,51973,22734.3614,34,490.533
1/23/24,401504,61502.1549,0:09:11,1954.598,Border Security Marathon - Arrests Everywhere,10-Sep-24,6551,50794,33299.0411,29,1012.345
1/22/24,295820,50519.9518,0:10:14,1572.463,Four Episodes Back to Back! - Border Security Australia - DangerTV,21-Sep-24,5470,50773,34207.5804,19,1043.352
1/21/24,304431,50514.6917,0:09:57,1485.731,Helicopter Search - Lost Kayakers! | Coast Guard Alaska | Full Episode,17-Jul-20,2553,50644,21130.8568,62,649.805
1/20/24,316514,57708.1987,0:10:56,1760.232,UK Border Force Bust Illegals from Iraq | Season 2 Episode 2 - Full Episode,10-Apr-21,2700,50463,20735.5489,29,539.266
1/19/24,274917,50488.5635,0:11:01,1677.137,Strange Last Minute Traveler | Border Security: Canada's Front Line,16-Nov-22,1301,50364,12308.9746,17,440.669
1/18/24,298181,57786.4223,0:11:37,1913.213,Who is She Really? - Border Security Australia,5-Sep-24,1351,50345,11490.8021,34,473.068
1/17/24,247890,45794.5839,0:11:05,1396.419,Seconds to Save Sinking Ship! | Coast Guard Florida | Full Episode,21-Aug-20,2553,50172,15907.6327,100,
1/16/24,270505,47830.5759,0:10:36,1429.316,Friday's Big Border Busts - Border Security Australia,2-Aug-24,8540,49978,25141.6567,26,607.493
1/15/24,277487,48043.639,0:10:23,1454.011,Are They Smuggling People - Border Security Australia - DangerTV,21-Sep-24,1325,49834,10274.1737,13,478.006
1/14/24,301163,51883.784,0:10:20,1556.16,Mountain Biker Rejected at the Border | Border Security: Canada's Front Line,29-May-22,1301,49810,11332.9476,21,457.4
1/13/24,330648,56540.1668,0:10:15,1734.979,Frozen Fisherman Rescue | Coast Guard Alaska | Full Episode,11-Jul-20,2553,49601,18003.7712,43,598.831
1/12/24,315787,50799.3032,0:09:39,1561.483,Psychic Security - Border Security Australia,29-Oct-24,1336,49254,11416.8504,26,668.675
1/11/24,365836,55965.0156,0:09:10,1718.648,Four Huge Border Canada Episodes - Canada Livestream!,20-Jul-24,5186,49195,27354.7861,22,629.466
1/10/24,350796,48997.4899,0:08:22,1420.059,Emotional Baggage | Border Security: Australia's Front Line,24-May-24,1421,47687,9201.1378,37,338.375
1/9/24,354251,53290.0806,0:09:01,1507.203,Border Patrol busts cocaine smuggler who hides drugs in art #borderpatrol #bordersecurity #border,30-Jan-24,50,47151,569.7339,78,1.636
1/8/24,387947,55577.1648,0:08:35,1597.456,"Yeah, We Test for That - Border Security Australia",15-Sep-24,1381,46161,10798.6174,22,481.684
1/7/24,427944,63232.1674,0:08:51,1606.176,Broken Neck Rescue! | Coast Guard Alaska | Full Episode,8-Aug-20,2554,46106,18460.5122,40,581.67
1/6/24,474261,73485.9709,0:09:17,2445.674,Time To Go Home - Border Lunch Broadcast,11-Oct-24,5645,45938,32731.8312,10,1416.801
1/5/24,440290,63049.3248,0:08:35,1766.487,Agents Question Soldier on the Run | Border Security: Canada's Front Line,25-Apr-22,1291,45898,10255.4675,25,401.38
1/4/24,453234,72034.1915,0:09:32,2063.856,Border Security Australia rips open chip bags looking for drugs #bordersecurity,28-Apr-24,38,45605,377.377,55,1.531
1/3/24,489468,63157.5395,0:07:44,1681.917,American Partiers Questioned | Border Security: Canada's Front Line,11-Nov-22,1311,45450,11041.656,17,366.563
1/2/24,532525,65133.0834,0:07:20,1612.04,Severed Hand Rescue! | Coast Guard Alaska | Full Episode,1-Aug-20,2554,44857,17882.7719,90,0.001
1/1/24,680532,64193.069,0:05:39,1349.25,Meth-od Man - Border Security Australia,17-Sep-24,1356,44615,9711.2356,59,506.22
12/31/23,564467,54169.1016,0:05:45,1499.225,Big Bust! | NightGuard Security Season 1 Episode 7 | Full Episode,25-Nov-20,2524,44453,13458.1099,182,
12/30/23,672764,63186.5502,0:05:38,1914.222,Rough Seas Rescue off the Coast of Miami | Coast Guard Florida | Full Episode,29-Aug-20,2553,44307,13006.7578,71,
12/29/23,608858,56782.0019,0:05:35,1722.228,Meth Cook? - Border Security Australia | DangerTV,17-Nov-24,1366,44254,8530.6975,43,453.75
12/28/23,501345,61102.9239,0:07:18,1893.542,Spinal Cord Injury Water Rescue! | Coast Guard Florida | Full Episode,14-Aug-20,2553,44232,17259.3384,60,
12/27/23,444862,44834.2783,0:06:02,1340.464,Car Jackers | NightGuard Security Season 1 Episode 11 | Full Episode,13-Dec-20,2619,44165,12956.1608,130,
12/26/23,385108,40999.244,0:06:23,1350.526,Meth Head Investigated by Agents | Border Security: Canada's Front Line,7-May-22,1301,43896,10333.3869,21,450.13
12/25/23,490137,35130.3249,0:04:18,1193.754,Saving Sailors in the Water | Coast Guard PNW - Cape Disappointment Pacific Northwest | Full Episode,4-Sep-20,2553,43550,15251.661,66,531.449
12/24/23,773854,37699.6191,0:02:55,1210.902,Armed Manhunt! | Coast Guard Cape Disappointment Pacific Northwest | Full Episode,18-Sep-20,2553,43450,12786.4848,56,475.454
12/23/23,935495,41306.9915,0:02:38,1381.864,Texas military man arrested at Canadian border #texas #canada #bordersecurity #dangertv,11-Feb-23,27,43404,333.9192,36,5.598
12/22/23,875492,44604.4713,0:03:03,1671.684,Illegal Duck Eggs?  | Border Security: Australia's Front Line,7-Aug-22,1330,43271,11259.1694,17,380.209
12/21/23,877026,51639.9431,0:03:31,2066.225,Laptop Full of Drugs - Border Security Australia,17-Oct-24,1381,43248,9611.9358,25,548.533
12/20/23,471502,42449.8725,0:05:24,1756.259,UK Border Agency Finds Loads of Hidden Cash! | Border Patrol,4-Dec-19,1381,43040,8207.0419,33,54.143
12/19/23,304275,42847.8217,0:08:26,1761.423,Merry Bust-Mas! - Border Security Australia - DangerTV,16-Sep-24,7007,43004,30636.9598,17,830.884
12/18/23,240675,41967.7937,0:10:27,1779.763,Culture Clash - Border Security Australia,3-Nov-24,1385,42628,10512.9995,21,545.47
12/17/23,236393,44326.9808,0:11:15,1807.337,Coke Mules Gone Wild! | Border Security: Australia's Front Line,16-May-24,1381,42410,7557.2696,10,402.761
12/16/23,220047,39666.696,0:10:48,1581.127,Beetles and Butterflies | Border Security: Canada's Front Line,5-Dec-22,1306,42294,10892.5601,14,328.142
12/15/23,235197,41875.7278,0:10:40,1912.624,"Dragging ""The Agulhas"" Container Ship Wreck | The Salvage Masters",12-May-23,2645,42280,9227.9785,118,352.522
12/14/23,237172,45876.8183,0:11:36,1993.224,Border Agents Make Uncomfortable Discovery at Gatwick Airport | UK Customs Border Patrol,31-Jul-19,1389,42236,5786.9762,49,158.748
12/13/23,217239,40310.246,0:11:08,1868.81,Honduran Drug Runners | Border Security: Canada's Front Line,16-Apr-22,1311,42209,10405.8097,12,367.652
12/12/23,209319,41200.2862,0:11:48,1819.654,What's in the Rug? - Border Security Australia,7-Oct-24,1400,42136,10189.997,29,485.108
12/11/23,208011,40757.3038,0:11:45,1710.418,Texas Jeff | Border Security: Australia's Front Line,22-Jul-22,1465,42035,12021.1096,14,412.766
12/10/23,250621,45499.5315,0:10:53,1732.643,Canadian Border Lies,28-Nov-23,40,41887,383.2657,28,6.439
12/9/23,237267,45133.2391,0:11:24,1716.845,Rookie Detector Dog Debuts | Border Security: Australia's Front Line,9-Nov-23,1271,41565,9189.0186,21,406.596
12/8/23,239750,47194.4528,0:11:48,2027.993,Corey Feldman Gets Detained at the Border | Border Security: Canada's Front Line,20-Mar-22,1311,41562,8558.0287,51,353.838
12/7/23,277065,52113.8077,0:11:17,2309.227,Big Interrogation Fail - Border Security Australia,25-Oct-24,1395,40999,8733.4811,17,499.142
12/6/23,266431,48576.3881,0:10:56,2055.446,Canadian Border Patrol tears apart trailer looking for handgun #bordersecurity,12-Apr-24,55,39998,477.0415,25,8.482
12/5/23,255227,47168.3279,0:11:05,2013.495,That's not my Bag - Border Dinner Broadcast,14-Oct-24,5736,39616,20940.13,15,559.033
12/4/23,260492,47807.3819,0:11:00,2061.226,Ex-Con Runs in to Trouble at Border | Border Security: Australia's Front Line,26-Mar-23,1263,39614,9771.3889,22,338.58
12/3/23,250567,44026.9272,0:10:32,1812.534,Drugs Hidden in Fish? | Border Security Australia,13-Sep-24,1400,39380,9590.9437,18,412.166
12/2/23,237545,41154.5228,0:10:23,1737.855,What is Diplomatic Immunity? - Border Security Australia,21-Nov-24,5513,39338,16630.3006,30,670.615
12/1/23,245189,39002.4297,0:09:32,1919.646,Oil Rig Worker Interrogated by Border Security | Border Security: Canada's Front Line,26-Mar-22,1311,38980,9219.5574,21,358.855
11/30/23,254153,41178.3958,0:09:43,2151.775,Machine Gun Smuggled Illegally in Pieces | Border Security: Canada's Front Line,28-Mar-22,1311,38973,9099.0779,16,312.74
11/29/23,252054,36416.7858,0:08:40,1866.345,Swimmers in the Water! | Coast Guard Alaska | Full Episode,4-Jul-20,2553,38760,15180.841,32,392.514
11/28/23,259594,37583.8964,0:08:41,1945.983,Japanese traveler stopped when leaving the country. #bordersecurity #borderpatrol #japan #cops,14-Mar-23,58,38112,526.4627,48,5.141
,,,,,Helicopter Wars | The Taliban Gambit! | Season 1 Episode 1 | Full Episode,31-Mar-21,3017,37455,8906.9014,149,23.202
,,,,,Passengers Tiny Lies Get Them in Big Trouble - Border Security Canada,28-Sep-24,5270,37286,21613.5792,27,692.975
,,,,,Rocky Shore Rescue! | Coast Guard Alaska | Full Episode,11-Jul-20,2553,37216,16268.0178,25,358.992
,,,,,Trauma Patient Rescue | Coast Guard Alaska | Full Episode,13-Jul-20,2553,36536,13569.9755,35,439.131
,,,,,Emergency Rescue! | Coast Guard Alaska | Full Episode,25-Jul-20,2553,36419,13511.8199,36,454.821
,,,,,Banned by Border Security Australia | Border Security: Australia's Front Line,13-Jun-24,1325,36391,7056.5795,18,296.113
,,,,,Immigration HeartBreak - Border Security Australia | DangerTV,8-Nov-24,1366,36266,7956.7517,18,328.688
,,,,,Ice Man | Border Security: Australia's Front Line,4-Jul-22,1441,35910,7491.3605,24,355.871
,,,,,Border Security stops One Million Dollars worth of tobacco #smuggling #concealment #borderforce,24-Jan-24,46,35779,407.2781,24,4.366
,,,,,DUI Record Disrupts Family Holiday | Border Security: Canada's Front Line,15-Jun-22,1276,35614,8052.6556,20,304.406
,,,,,Past Convictions Catch Up | Border Security: Canada's Front Line,30-Nov-22,1306,35414,9381.5533,14,271.852
,,,,,Logging Accident Head Injury Rescue! | Coast Guard Alaska | Full Episode,5-Aug-20,2554,35156,13505.2694,35,
,,,,,Rough Takedown! | NightGuard Security Season 1 Episode 8 | Full Episode,28-Nov-20,2660,35105,10809.5224,89,14.15
,,,,,Banned for Bringing Food - Border Security Australia - DangerTV,18-Sep-24,6925,34912,25162.0311,0,703.845
,,,,,Smuggling into Monday - Border Security Live,20-Aug-24,5609,34787,18589.8298,13,499.967
,,,,,Man Stood Up by Internet Bride | Border Security: Australia's Front Line,24-Jun-22,1356,34615,7816.6919,24,307.281
,,,,,Hunting Undocumented Workers | Border Security: Australia's Front Line,11-Jun-23,1486,34588,10208.5972,21,336.869
,,,,,Dripping in Sweat - Border Security Australia | DangerTV,19-Nov-24,1411,34395,7394.2014,14,356.68
,,,,,Boxer Busted Over Testosterone Smuggle - Border Security Australia,7-Sep-24,1411,34365,8063.5244,11,343.094
,,,,,Cardiac Arrest Cruise Ship Clearwater Rescue! | Coast Guard Florida | Full Episode,15-Aug-20,2553,34136,11735.4498,39,339.873
,,,,,Border Agents Protecting the Border from Smugglers | Border Patrol | Locked Up Abroad,7-Nov-19,1382,33951,5198.6691,33,167.952
,,,,,Medivac Air Rescue! | Coast Guard Alaska | Full Episode,5-Aug-20,2553,33788,13165.0022,21,0
,,,,,Daring Drug Smugglers Captured At Border! | UK Border Force,8-Jul-19,1389,33701,6034.8182,25,135.223
,,,,,Fake Marriage for Passport? Border Security Australia,1-Oct-24,1390,33541,7625.2407,10,428.338
,,,,,Border Security finds $200k worth of Cocaine in Her Belly! #smuggling #concealment #airportsecurity,17-Jan-24,50,33411,374.3498,21,4.009
,,,,,Big Terror? - DangerTV - Border Security Australia,22-Nov-24,1301,33240,6836.4208,33,371.614
,,,,,Toilet Trouble | NightGuard Security Season 1 Episode 6 | Full Episode,21-Nov-20,2471,33169,11375.073,100,
,,,,,Deadly ATV Accident | Coast Guard Alaska | Full Episode,20-Jul-20,2554,32980,12271.1148,42,416.224
,,,,,UK Border Force | Expelled from the Country! | Season 2 Episode 4 - Full Episode,12-Apr-21,2660,32331,11852.374,11,369.114
,,,,,Boat Stuck in Heavy Waves Rescued | Coast Guard Alaska | Full Episode,18-Jul-20,2553,32239,13037.9319,26,404.126
,,,,,MMA Training | NightGuard Security Season 1 Episode 10 | Full Episode,4-Dec-20,2768,32210,13530.7284,46,
,,,,,Border Security rips apart luggage and finds tons of bad stuff | Border Security: Australia's Front,2-Jun-24,1445,31996,6491.8609,22,313.64
,,,,,Heavily armed American family stopped at Canadian border.,6-Apr-23,38,31824,297.5018,18,4.401
,,,,,What happens when you can't unlock your phone at the border?,19-Mar-23,58,31821,441.121,21,3.813
,,,,,Couple Tries Bringing Weed Across Border | Border Security: Canada's Front Line,21-May-22,1301,31812,7684.4792,17,294.445
,,,,,Border Agents Search For Smugglers at Manchester Airport | Border Patrol,26-Jul-19,1384,31741,5385.9598,44,140.107
,,,,,Missing | NightGuard Security Season 1 Episode 2 | Full Episode,30-Oct-20,2472,31632,9053.2432,94,
,,,,,UK Border Force Customs Agents Crackdown on Illegal Workers,5-Dec-19,2672,31492,12095.1929,22,181.567
,,,,,Lookin' For a Fight - Border Security Australia | DangerTV,15-Nov-24,1325,31461,6612.6454,17,351.246
,,,,,Running of the Bulls is Back! | Day 1 | Full Run 2022,7-Jul-22,200,31253,1073.9024,33,99.649
,,,,,Border Force confiscates Iranian Spices #smuggling #airportsecurity #bordersecurity,7-Jan-24,48,30959,323.0251,21,3.514
,,,,,Rescued from a Cruise Ship! | Coast Guard Alaska | Full Episode,27-Jun-20,2553,30850,11511.8342,28,271.861
,,,,,DangerTV - The Most Dangerous Place on Youtube!,5-Apr-22,31,30741,171.4306,58,
,,,,,Mexican Drug Courier? | Border Security: Canada's Front Line,19-Nov-22,1306,30707,7188.027,14,272.374
,,,,,Matadors get Gored by Bulls | Spanish Bull Fighting Legends! | Part 1,5-Dec-19,2771,30680,4398.1057,85,28.191
,,,,,Family Business | NightGuard Security Season 1 Episode 1 Premier | Full Episode,23-Oct-20,2615,30345,9002.2922,118,
,,,,,Sri Lanka Long Range Patrol Undergo World's Toughest Training | Special Forces,12-Apr-18,2861,30195,3586.2847,281,
,,,,,Suspicious traveler gets a once over - Part Three,29-Mar-24,31,30174,227.5785,26,6.152
,,,,,Coast Guard Rescues Their Own Ship | Coast Guard: Cape Disappointment,23-Sep-20,2554,29769,9507.5212,53,296.053
,,,,,Agents Escalate Search After Meth Pipe Discovery | Border Security: Canada's Front Line,3-Apr-22,1311,29663,7338.2431,11,265.568
,,,,,Fungal Invasion - Border Patrol Binge,6-Oct-24,5550,29559,15953.1252,11,596.127
,,,,,Border Security breaks open blender looking for suspicious goods #bordersecurityaustralia,7-May-24,58,29518,398.0032,65,6.272
,,,,,What Did He Swallow?? - Wednesday Border Patrol Binge,3-Oct-24,5476,29486,19000.1695,15,634.281
,,,,,Strict Border Agent Questions Illegal Immigrant | UK Border Force,1-Jul-19,2649,28817,10674.1978,20,194.853
,,,,,New Zealand's Deadly Whakaari Volcano Eruption | Stories Of Survival,3-Mar-23,3151,28743,6960.3994,83,271.765
,,,,,Uncovering 2015 Bermuda Triangle Shipwreck | The Salvage Masters,30-Jun-23,2761,28504,5865.1644,43,204.405
,,,,,What Went Wrong | The Grenfell Tower Fire,10-Jul-23,2765,28432,6139.732,167,205.449
,,,,,Guns and Ammo Raise Eyebrows | Border Security: Canada's Front Line,9-Dec-22,1306,28180,6556.683,18,239.522
,,,,,Marine Team Searches Ship Loaded with Guns | Border Security: Canada's Front Line,13-May-22,1301,28057,6341.8764,14,251.695
,,,,,Veteran Cuffed After Glock Discovery | Border Security: Canada's Front Line,24-Oct-22,1306,28056,5498.9776,19,210.649
,,,,,Trauma Hoist Rescue! | Coast Guard Alaska | Full Episode,22-Jul-20,2554,27608,10856.9258,17,334.675
,,,,,Border Agents Scrub 747 | Border Security: Canada's Front Line,23-Apr-22,1286,27472,6509.036,4,241.522
,,,,,Agents Stop Snoop Dogg's Cousin | Border Security: Canada's Front Line,29-Apr-22,1306,27251,6356.0462,14,270.402
,,,,,Big Bust Marathon - Four Episodes! - DangerTV - Border Security,22-Sep-24,5459,27207,14584.4516,9,362.963
,,,,,Haters Gonna Hate | Border Security: Canada's Front Line,5-Nov-22,1306,26738,5804.9063,9,221.239
,,,,,Medivac Rescue! | Coast Guard Alaska | Full Episode,4-Jul-20,2553,26729,10321.7559,18,231.538
,,,,,The Airport Security Check says No Self Defense for You!,5-Dec-23,30,26691,181.6307,8,4.55
,,,,,100 Foot Wave | Nazare Calling | Full Length Documentary,19-Sep-21,3485,26625,3640.1913,64,
,,,,,Banned for past crimes - Border Security Australia,29-Sep-24,1400,26539,5875.4009,11,249.599
,,,,,Ghostbusters | Border Security: Canada's Front Line,14-Dec-22,1306,26422,6467.6311,17,217.842
,,,,,Busted - Go to Trial - Border Security Australia - Border Security Australia,31-Oct-24,5451,26360,14607.6356,8,558.327
,,,,,Why So Serious? - Border Patrol Binge,8-Oct-24,5349,26333,15965.3375,3,516.095
,,,,,Searching for Bridge Jumper in Shark Infested Waters! | Coast Guard Florida | Full Episode,28-Aug-20,2553,26268,8296.2254,18,
,,,,,Hurricane Katrina New Orleans Hospital Disaster | Trapped Emergency | Nature Documentary,27-Apr-18,2986,26069,6208.5658,136,275.281
,,,,,Airport Security confiscates millions of Yen from traveler #bordersecurity #moneyheist #paycheck,30-Dec-23,39,25959,184.3561,9,3.745
,,,,,Death Sentence #borderpatrol #uk,21-Aug-23,46,25677,310.0866,33,3.244
,,,,,Agents Make Discovery on American Tug | Border Security: Canada's Front Line,15-May-22,1301,25673,6360.6902,13,228.945
,,,,,Dangerous Accident Rescue! | Coast Guard Alaska | Full Episode,24-Jul-20,2554,25660,10436.3049,18,294.076
,,,,,Bag spilling with food surprises Border Security in Australia #borderpatrol,23-Apr-24,56,25477,283.5579,31,4.458
,,,,,Border Security tears apart machine parts #smuggling #bordersecurity #borderpatrol,1-Apr-24,55,25445,319.1287,28,5.295
,,,,,Party Boy Profiling!,27-Dec-23,44,25339,259.4407,17,3.379
,,,,,Past Crimes - Border Security Australia,30-Jul-24,1356,25300,5063.5068,11,92.214
,,,,,Border Patrol uncovers heroin hidden in makeup #borderpatrol #customs #smuggling,1-Feb-24,35,25280,241.2752,39,1.552
,,,,,End of Weekend Border Binge!,20-Oct-24,5613,25126,13118.9582,4,472.723
,,,,,Really stupid way to smuggle drugs #smuggling #bordersecurity,29-Dec-23,38,25122,248.0466,27,3.768
,,,,,Warrant Issued - Friday Afternoon Border Binge,18-Oct-24,5483,25013,13968.7512,-3,582.376
,,,,,This is why you can't bring fluids on planes #airportlife #bordersecurity #airportsecurity,4-Jan-24,25,24902,172.8476,7,3.196
,,,,,Australian Border Marathon - From Student Visas to LOTS of contraband,3-Sep-24,5554,24775,11894.4323,5,397.712
,,,,,Lip Filler  - Border Security Australia | DangerTV,12-Nov-24,1416,24734,5507.4043,1,257.718
,,,,,Hillbilly Heroin - Border Security Australia | DangerTV,7-Nov-24,1356,24640,5006.3083,7,213.175
,,,,,Ferrari Tests Positive Drugs | Border Security: Australia's Front Line,18-Jul-22,1276,24361,5295.3663,14,59.737
,,,,,Belly Full of Bad Ideas - Border Security Australia | DangerTV,11-Nov-24,1316,24356,4948.3131,5,260.887
,,,,,Banned for Three Years - Border Security Australia,29-Oct-24,5515,24310,11179.4688,-7,492.212
,,,,,Coast Guard Swimmer Rescue! | Coast Guard PNW - Cape Disappointment Pacific Northwest | Full Episode,7-Sep-20,2553,24110,8373.765,29,300.835
,,,,,Make sure you declare the clothes you are wearing too!,19-Jul-24,45,24074,260.7847,4,5.835
,,,,,Police Dog Famous for Hunting Killers | London K-9 Unit,20-Nov-21,2775,24069,6128.8948,168,225.641
,,,,,Family Lost in the Wilderness - Rescue | Coast Guard Alaska | Full Episode,31-Jul-20,2553,24064,9102.7171,14,296.087
,,,,,What exactly is in her shoes?? #smuggling #airportsecurity #borderforce,5-Jan-24,44,24053,253.6956,28,0.435
,,,,,8 Years in Prison - Weekend Border Binge!,26-Oct-24,5340,24019,12571.7043,-2,500.786
,,,,,Is she a real model? - Thursday Border Patrol Binge,3-Oct-24,5530,23826,11458.1502,-5,210.279
,,,,,Guess Who's Smuggling Hash Brownies? | Border Security: Canada's Front Line,26-Oct-22,1306,23750,5598.8318,4,203.595
,,,,,Is Adultery Illegal in Canada? He's about to find out! #adultry #bordersecurity #customs,2-Jan-24,43,23722,246.493,4,3.004
,,,,,Sunday at the Canadian Border - Border Security Canada,30-Sep-24,5255,23466,12226.1447,17,348.646
,,,,,They'll just ship Khat as anything #khat #bordersecurity #smuggling #concealment,1-Jan-24,38,23311,215.6016,23,2.691
,,,,,Hunting Poachers & Human Traffickers | Border Security: Australia's Front Line,8-Oct-22,1341,23143,6050.1961,11,200.11
,,,,,Missing Man Rescue! | Coast Guard Alaska | Full Episode,7-Aug-20,2554,22878,9138.3507,14,277.622
,,,,,"If you go to Malaysia, they will scan your belly",30-Nov-23,45,22739,218.1729,20,3.085
,,,,,Sinking Ship Rescue! | Coast Guard Alaska | Full Episode,3-Aug-20,2553,22710,9413.3697,14,
,,,,,Border Security Australia rips apart bags looking for sausages #sausage #border,2-May-24,30,22690,189.7565,14,4.8
,,,,,Tattoo Artist Planning to Work Illegally in Canada | Border Security: Canada's Front Line,10-Jun-22,1301,22687,5487.668,15,215.06
,,,,,Border Patrol tears apart RV looking for illicit crumbs #borderpatrol #bordersecuritycanada,16-Apr-24,58,22370,277.9724,13,4.717
,,,,,They Don't Sell That Here - Border Dinner Ingredient Broadcast,16-Oct-24,5520,22055,11527.3297,7,587.602
,,,,,Hunter With Illegal Guns? | Border Security: Canada's Front Line,27-May-22,1311,21904,5417.4154,5,183.808
,,,,,"Go ahead, frisk me baby! #customs #airportlife #blinddate",29-Jan-24,15,21807,123.7623,23,3.052
,,,,,This kid is brave #smuggling #bordersecurity #marijuanalegalization,1-Jan-24,53,21687,220.0225,12,0.46
,,,,,Counterfeit Passport | Border Security: Australia's Front Line,18-Jun-22,1366,21537,3658.2137,50,189.653
,,,,,Dog Rescue at Sea! | Coast Guard PNW - Cape Disappointment Pacific Northwest | Full Episode,5-Sep-20,2553,21525,8027.8702,14,265.982
,,,,,Tobacco Raid | Border Security: Australia's Front Line,21-Aug-22,1390,21501,5731.6912,10,178.891
,,,,,Border Agents Break out Machine Guns | Border Security: Australia's Front Line,29-Aug-22,1325,21481,5494.0912,9,175.247
,,,,,Border Patrol cracks down on Illegal immigration - UK Border Force,25-Sep-24,5405,21424,8123.6077,11,326.614
,,,,,It's like medicinal man ... Border Security Australia,23-Sep-24,7011,21352,11671.2399,5,378.151
,,,,,Fisherman Stopped With Drugs | Border Security: Canada's Front Line,23-May-22,1301,21332,5093.355,11,187.364
,,,,,Mushrooms and Coke - Hump Day Border Binge!!!,23-Oct-24,5918,21214,11337.1123,-3,526.717
,,,,,72 Hours Behind the Scenes of an Iraqi War ER Unit,5-Dec-19,2972,21065,5192.4725,100,14.187
,,,,,Traces of Cocaine on Snowboarder's ID | Border Security: Canada's Front Line,27-Apr-22,1301,21029,5005.8097,9,180.63
,,,,,Is the juice hiding the juice? #canadaborder #smuggling,9-Apr-24,38,20926,202.7747,13,3.004
,,,,,Broken the Law? You can't go to Canada! #bordersecurity #airportsecurity #customs,9-Jan-24,36,20801,171.0336,14,2.84
,,,,,Sunday Morning Border Security,19-Aug-24,5535,20382,11032.845,4,248.54
,,,,,Lady Gaga Super Fan or Something More? | Border Security: Canada's Front Line,31-Oct-22,1306,20341,4720.2744,10,174.131
,,,,,Money Sniffing Police Dog | Border Security: Canada's Front Line,9-May-22,1301,20177,4810.9371,9,200.938
,,,,,Customs Finds a...Tiger Head? | Border Security: Canada's Front Line,30-Oct-22,1306,20174,4746.7191,5,171.639
,,,,,Man Swallows Cocaine Packets | Border Security: Australia's Front Line,20-Jun-22,1330,20148,4182.5232,16,166.189
,,,,,Border Security spots something suspicious in some packages #smuggling  #bordersecurityaustralia,29-Apr-24,21,20054,116.0905,21,4.246
,,,,,Long-Range Container Ship Medivac | Coast Guard: Cape Disappointment,12-Sep-20,2553,19836,7429.5315,19,234.778
,,,,,From Bali to the Bathroom - Is she smuggling? #borderforce #bordersecurity #bali,15-Jan-24,42,19628,184.209,12,2.391
,,,,,,,,,,,